Title,Company_Name,Salary,DateSub,Deadline,Place,Way,Level,Description,Requirement,Right,Headquater,Srcpic,Company_Place,Company_Scale,Company_Review
Nhân Viên Kinh Doanh / Telesale / Bán Hàng Qua Điện Thoại Tại Hồ Chí Minh (Thu Nhập Từ 15 - 25 Triệu),Công Ty TNHH MTV Healthpost,15 - 25 triệu,01/04/2024,30/04/2024,TP.HCM,15,1 năm,"- Công ty hỗ trợ sẵn database, chỉ làm tại văn phòng, không đi thị trường - Tiếp nhận database tư vấn và thuyết phục khách hàng sử dụng các sản phẩm chăm sóc sức khỏe, mỹ phẩm, các chương trình ưu đãi trong năm. - Cập nhật kịp thời trên hệ thống: thông tin khách hàng, tình trạng tư vấn, báo cáo doanh thu định kỳ. - Tham gia đầy đủ các khóa đào tạo kiến thức về sản phẩm, kỹ năng xử lý các tình huống phát sinh khi tư vấn khách hàng - Gửi báo cáo công việc lên cấp trên theo yêu cầu.","- Độ tuổi từ 20 – 35 tuổi (Làm fulltime không vướng bận việc học) - Có kinh nghiệm ít nhất 3 tháng ở mảng Call center/ Telesale/ Bán hàng qua điện thoại/Trực tổng đài/ Tư vấn viên... Ưu tiên các Ứng viên am hiểu về dược, hóa mỹ phẩm, dinh dưỡng và các ngành liên quan - Giọng nói lưu loát, rõ ràng, nhẹ nhàng, dễ nghe - Biết sử dụng cơ bản tin học văn phòng cơ bản. - Chịu được áp lực trong công việc.","- Thời gian thử việc: 02 tháng hưởng 100% lương - Lương cứng: 8.000.000 – 9.000.000 đồng/ tháng (Thỏa thuận tùy theo năng lực ứng viên) + Thưởng KPI => Thu nhập: 15.000.000 – 25.000.000 đồng/tháng (Thu nhập không giới hạn với các ứng viên có năng lực tốt) - Thời gian làm việc: 1/ Làm fulltime xoay ca (Ca 1: 8h - 17h; Ca 2 : 8h30 - 17h30; Ca 3: 14h - 22h. Nghỉ 1 ngày không cố định trong tuần. Phụ Cấp 1.200.000đ ) 2/ Làm fulltime giờ hành chính 6 ngày/ tuần (Nghỉ cố định CN. Phụ cấp 400.000đ ) - Được cấp thiết bị làm việc đầy đủ: Điện thoại + Data Nóng ... - Được đào tạo bài bản về kiến thức chuyên môn và kĩ năng bán hàng - Được hưởng đầy đủ các chế độ theo quy định của pháp luật (BHYT, BHXH, BHTN) và các chế độ phúc lợi theo nội quy, quy chế của Công ty (tham quan, nghỉ mát, lương thưởng, nghỉ lễ Tết…) - Được làm việc trong môi trường chuyên nghiệp và thân thiện, có nhiều cơ hội thăng tiến và phát triển nghề nghiệp Địa điểm làm việc: Ứng viên được đăng ký 1 trong 2 khu vực Quận 1 và Quận 3 tùy theo vị trí đăng ký.","P901, tầng 9, Tòa nhà Sky City Tower A, số 88 Láng Hạ, Phường Láng Hạ, Quận Đống Đa, Thành phố Hà Nội, Việt Nam",https://cdn1.vieclam24h.vn/images/employer_avatar/2023/05/22/Capturec_168473676966.PNG,"P901, tầng 9, Tòa nhà Sky City Tower A, số 88 Láng Hạ, Phường Láng Hạ, Quận Đống Đa, Thành phố Hà Nội, Việt Nam",150 - 300 người,"CÔNG TY TNHH MTV HEALTHPOST là một công ty hoạt động trong lĩnh vực Call Center - Trung tâm Tổng đài, chú trọng nhiều về Telesales. Với sứ mệnh đem đến những dòng sản phẩm có nguồn gốc từ thiên nhiên, chăm sóc sắc đẹp và sức khỏe dinh dưỡng, HEALTHPOST đã không ngừng cải tiến bản thân để ngày một tốt hơn và mang lại giải pháp tối ưu nhất về sức khỏe cho người tiêu dùng Việt Nam. Công ty hiện đang hoạt động tại 4 thị trường chính ở South East Asian: Việt Nam, Indonesia, Thái Lan, Malaysia và thị trường Châu Âu như Ukraine, Israel, v.v Nhờ chiến lược kinh doanh rõ ràng và hướng đi đúng; cùng với đội ngũ nhân viên năng động, sáng tạo, không ngại thử thách và được đào tạo chuẩn về nghiệp vụ Telesales; HEALTHPOST đang dần khẳng định được vị thế của mình trong lĩnh vực Call Center. Chúng tôi luôn chào đón những tài năng trẻ đầy nhiệt huyết, có đam mê và khát vọng thành công gia nhập đại gia đình HEALTHPOST – Nơi những người trẻ theo đuổi đam mê & phát triển sự nghiệp.."
Nhân Viên Bán Hàng Siêu Thị Điện Máy Hc,Công Ty TNHH Thương Mại Vhc - Siêu Thị Điện Máy Hc,6 - 9 triệu,11/04/2024,11/05/2024,"Hà Nội , Đà Nẵng , Nghệ An",10,Chưa có kinh nghiệm,"- Giới thiệu, tư vấn và bán các sản phẩm điện máy. - Trưng bày và vệ sinh hàng hóa trên quầy kệ - Quản lý hàng hóa trưng bày thuộc khu vực phụ trách (số lượng, chất lượng, quy cách) theo quy định của Công ty - Hỗ trợ hoàn tất các thủ tục bán hàng cho khách - Hỗ trợ các bộ phận khác khi cần.","- Nam/Nữ, tốt nghiệp từ PTTH trở lên, sinh viên đi làm thêm - Không yêu cầu kinh nghiệm, được đào tạo - Tuổi từ 18 đến 40, có sức khỏe tốt. - Ngoại hình cân đối, ưa nhìn, giao tiếp tốt, giọng nói dễ nghe, không bị ngọng hay lắp. - Làm việc luân phiên ca - Có ca làm việc linh động: sáng/chiều/tối cho sinh viên đi làm thêm.","- Thu nhập từ 6 triệu trở lên, không giới hạn tùy theo năng lực và chưa kể thưởng các loại. - Có cơ hội học tập, phát triển và thăng tiến. - Được làm việc trong một môi trường hiện đại, năng động, bình đẳng và chuyên nghiệp - Được hưởng các chế độ BHYT, BHXH, BHTN theo quy định của nhà nước - Các chế độ phúc lợi khác như thưởng lễ, tết, sinh nhật, lương tháng 13, đào tạo…","Tầng 6, VHC Corporation Tower, 399 Phạm Văn Đồng, Bắc Từ Liêm, Hà Nội",https://cdn1.vieclam24h.vn/images/employer_avatar/2023/05/16/Logo HC-01 sửa_168422800436.jpg,"Tầng 6, VHC Corporation Tower, 399 Phạm Văn Đồng, Bắc Từ Liêm, Hà Nội",Trên 300 người,"Công ty TNHH Thương mại VHC (VHC Corporation) là chủ sở hữu và điều hành của Hệ thống Siêu thị Điện máy HC lớn nhất miền Bắc Việt Nam và đang trên đà chiếm lĩnh thị trường miền Trung, miền Nam. Là một trong những Hệ thống Siêu thị Điện máy đầu tiên ra đời tại Hà Nội vào ngày 24 / 5 / 2006, HC chuyên kinh doanh các mặt hàng Điện tử, Điện lạnh, Gia dụng, IT, Mobile – Giải trí số. HC hiện có 44 chi nhánh trên toàn miền Bắc, Trung, Nam. Các chi nhánh có hệ thống nhận diện đồng bộ, diện tích sàn trưng bày trung bình mỗi siêu thị từ 1.000m2 đến 4.000m2, cùng hệ thống logistic trung bình lên đến 10.000m2; cung ứng hơn 50.000 sản phẩm điện máy uy tín, chất lượng của các thương hiệu hàng đầu thế giới cùng phong cách phục vụ theo tiêu chuẩn quốc tế. Mảng kinh doanh trực tuyến cũng hoạt động song song tại website www.hc.com.vn như một chi nhánh độc lập của hệ thống. VHC luôn chú trọng đặt lợi ích của khách hàng là trung tâm trong mọi hoạt động. VHC luôn mở rộng cánh cửa chào đón những nhân lực tài năng giàu đam mê và nhiệt huyết, dám thách thức trong môi trường làm việc hiện đại, chuyên nghiệp, năng động và cạnh tranh tích cực. “2000 thành viên của VHC đang chào đón bạn” Chính sách thu nhập: - Chế độ thu nhập: không giới hạn, hưởng theo năng lực và kết quả kinh doanh. - Chế độ thưởng sản phẩm dành riêng cho nhân viên tư vấn bán hàng và quản lý ngành hàng. - Phụ cấp khác theo tính chất công việc: điện thoại, xăng xe, đi đường… Các chính sách phúc lợi khác: - Thưởng thành tích, tháng, quý, năm. - Chế độ liên quan đến thưởng ngày nghỉ lễ, tết nguyên Đán, ngày Quốc khánh, ngày Sinh nhật Công ty…. - Chế độ liên quan đến bảo vệ quyền lợi cho người lao động như: Sinh nhật, hiếu, hỉ, ốm đau, kết hôn…. - Khám sức khỏe 1 năm một lần - Chế độ bảo hiểm (xã hội, y tế, thất nghiệp), bảo hiểm tai nạn lao động, bệnh nghề nghiệp, tử tuất theo quy định của luật lao động. - Các chế độ khác liên quan đên việc tổ chức các hoạt động văn hóa, thể thao, văn nghệ của tổ chức công đoàn Công ty… Đào tạo và phát triển: “ VHC cung cấp chương trình đào tạo và phát triển ở tất cả các cấp giúp bạn mài giũa kỹ năng, tiến bộ ở vị trí hiện tại và sẵn sàng cho việc chấp nhận thách thức ở những vị trí cao hơn” Trung tâm đào tạo VHC với đội ngũ hơn 50 giảng viên là các quản lý dày dạn kinh nghiệm cung cấp cho mỗi nhân viên VHC kiến thức và kỹ năng chuyên biệt cho nghề Bán lẻ, cũng như các kỹ năng chuyên môn khác. - Chương trình đào tạo Kỹ năng bán hàng - Chương trình đào tạo Sản phẩm - Chương trình đào tạo Quy trình - Chương trình đào tạo Kỹ năng mềm - Chương trình đào tạo Kỹ năng quản lý - Chương trình liên kết đào tạo với các hãng, nhà cung cấp, các tổ chức đào tạo giúp nhân viên tiếp cận với các kiến thức, tri thức mới."
Nhân Viên Chăm Sóc Khách Hàng / Customer Service App Du Lịch Tại Quận 9,Công Ty TNHH Vietnam Concentrix Services,10 - 12.5 triệu,15/04/2024,15/05/2024,TP.HCM,50,Chưa có kinh nghiệm,"- Liaising between guests and partners to resolve light complexity issues via inbound, outbound, email, chat, and messaging on various topics such as: additional travel advice, modifications, cancellations, complaint. - Providing accurate, valid, and complete information by using the right tools, methods, and processes - Report immediately serious cases/inconstant situations. - Ensuring a high level of customer service and a positive guest experience - Proactive update information/ knowledge about customer service. - Liên hệ với khách hàng thông qua các cuộc gọi đi, nhận cuộc gọi đến, email, chat, tin nhắn để hỗ trợ xử lý các vấn đề liên quan đến những lời khuyên cho các chuyến du lịch, nơi ở, những vấn đề hủy đổi và than phiền. - Cung cấp thông tin chính xác, hợp lệ và đầy đủ bằng cách sử dụng các công cụ, phương pháp và quy trình phù hợp. - Đảm bảo việc chăm sóc khách hàng và trải nghiệm tích cực của khách hàng ở mức độ cao.","- Graduated from high school or higher - Fluency in English (Speaking, listening, writing, and reading) - working 100% English. - Tốt nghiệp THPT trở lên - Sử dụng thành thạo tiếng Anh (nói, nghe, viết và đọc) – làm việc 100% bằng tiếng Anh - ỨNG VIÊN VUI LÒNG ĐÍNH KÈM CV BẰNG TIẾNG ANH KHI APPLY","- Average income: 10.000.000 – 12.500.000vnd/month - Base Salary: 7.500.000 vnd/tháng. - Meal allowance: 500.000 vnd/month. - Night shift allowance: 30% base salary. - Complexity allowance: 1.000.000vnd/month (If you handle Inbound call). - Monthly KPI incentive: 900.000 – 1.200.000 vnd/month. - Probation for 2 months receive 100% salary. - Working time: 5 days/week (any 2 days off). - Shift: Rotate 24/7 (according to the arrangement of the team leader - Rotating shifts: 9 hours/shift/month (including 1.5 hour rest) - Join the insurance regimes according to the provisions of the Labor Law. - Accident insurance 24/7. - 14 days of leave/year. - 13th Monthly Salary. - Annual Health Checkup. - Working in a dynamic, professional environment with many opportunities for advancement. - Thu nhập trung bình: 10.000.000 – 12.500.000đ/tháng. - Lương cơ bản: 7.500.000/tháng - Phụ cấp cơm: 500.000đ/tháng. - Phụ cấp ca đêm: 30% lương cơ bản. - Phụ cấp công việc: 1.000.000đ/tháng (áp dụng khi xử lý Inbound call). - Thưởng KPI: 900.000 - 1.200.000đ/tháng. - Thử việc 2 tháng nhận 100% lương. - Thời gian làm việc: 5 ngày/tuần, off bất kỳ 2 ngày/tuần. - Ca: xoay ca 24/7, 9 tiếng/ca (bao gồm 1.5 tiếng nghỉ ngơi). + Ca ngày: 7:00 – 16:00 | 9:00 – 18:00 | 12:00 – 21:00 | 13:00 – 22:00 + Ca đêm: 19:00 – 4:00 | 20:00 – 5:00 | 21:00 – 6:00 | 22:00 - 7:00 - Được tham gia BHXH, BHYT đầy đủ. - Được tham gia gói bảo hiểm tai nạn 24/7. - 14 ngày phép 1 năm. - Lương tháng 13. - Khám sức khỏe định kỳ hằng năm. - Môi trường làm việc quốc tế, hiện đại, chuyên nghiệp","QTSC Building l,Lô 34, đường số 14, Công Viên Phần Mềm Quang Trung, Phường Tân Chánh Hiệp, Quận 12, Thành phố Hồ Chí Minh, Việt Nam",https://cdn1.vieclam24h.vn/upload/files_cua_nguoi_dung/logo/2019/12/28/4848407_vieclam24h_1577513429.jpg,"QTSC Building l,Lô 34, đường số 14, Công Viên Phần Mềm Quang Trung, Phường Tân Chánh Hiệp, Quận 12, Thành phố Hồ Chí Minh, Việt Nam",Trên 300 người,"Concentrix là một công ty hàng đầu thế giới của Mỹ trong lĩnh vực dịch vụ chăm sóc khách hàng có mặt ở trên 44 quốc gia với tổng số nhân sự lên tới trên 250.000 nhân viên. Concentrix Việt Nam luôn đầu tư và nỗ lực nhằm cung cấp môi trường tốt nhất như: Cơ hội học hỏi & phát triển Kết nối thường xuyên với nhân viên, tạo môi trường tốt để lắng nghe và tôn trọng tiếng nói nhân viên cũng như giá trị tập thể Đầy đủ cơ hội phát triển nhân viên Công nhận sự nỗ lực và sự cống hiến từ các cá nhân và tập thể Sự khác biệt lớn khi có sự đồng hành tuyệt vời từ đội ngũ nhân viên Concentrix. Với sứ mệnh luôn chú trọng con người là nhân tố chủ lực, chính điều này đã trở thành một trong các yếu tố quan trọng giúp chúng tôi chiến thắng với giải thưởng cao quý và uy tín \"" Công ty có môi trường làm việc tốt nhất Châu Á năm 2020\"" – Được bình chọn bởi Tạp chí HR Asia - Là một trong những ấn phẩm hàng đầu Châu Á dành cho Hiệp hội Nhân sự. Giải thưởng cao quý này là sự ghi nhận cho những nỗ lực của Gia đình Concentrix! Chúng tôi không quên gửi lời chân thành Cảm ơn sâu sắc tới đội ngũ Ban Lãnh đạo, Ban Quản lý cùng hơn 1000 nhân viên đã luôn nhiệt huyết, nỗ lực và đồng hành cùng Concentrix."
Chuyên Viên Bản Quyền,Công Ty TNHH Truyền Hình Cáp Saigontourist,6 - 15 triệu,23/04/2024,22/05/2024,TP.HCM,2,2 năm,"- Tư vấn, đề xuất mua/bán bản quyền các chương trình truyền hình/gameshow quốc tế. - Tìm kiếm đối tác cung cấp bản quyền nội dung trong và ngoài nước (bao gồm nội dung phim/chương trình giải trí/chương trình thể thao…). - Đàm phán, thương thảo và thực hiện thủ tục ký kết hợp đồng mua/bán bản quyền quốc tế với các bên liên quan. - Theo dõi thực hiện hợp đồng (từ lúc ký kết, nhận bàn giao/nghiệm thu đến đề nghị thanh toán và thanh lý). - Các công việc liên quan khác theo yêu cầu của Ban Lãnh đạo.","- Tốt nghiệp Đại học trở lên, có kinh nghiệm 02 năm trở lên trong lĩnh vực Truyền hình, Truyền thông, Báo chí - Yêu thích phim ảnh, nghệ thuật biểu diễn và các chương trình giải trí truyền hình; có hiểu biết về thể thao - Kỹ năng giao tiếp, thuyết trình và đàm phán tốt, có kinh nghiệm làm việc trong môi trường Nhà nước - Am hiểu về luật đấu thầu đặc biệt là Luật Đấu thầu số 22/2023/QH15 ngày 23/06/2023 là một lợi thế - Ngoại giao quốc tế tốt , có khả năng đi công tác xa, chịu được áp lực công việc cao. - Thành thạo và sử dụng tốt ngoại ngữ và tin học văn phòng","- Thưởng các ngày lễ, tết, chế độ nghỉ mát và theo năng suất hiệu quả công việc - Phụ cấp đồng phục hàng năm. - Tham gia BHXH, BHYT, BHTN theo quy định của nhà nước và Bảo hiểm tai nạn kết hợp. - Môi trường làm việc thân thiện, năng động -Thu nhập tùy theo năng lực","62 Trần Quang Khải, Phường Tân Định, Quận 1, TP.HCM",https://cdn1.vieclam24h.vn/upload/files_cua_nguoi_dung/logo/2017/08/11/1502416358_logo_SCTV_1.jpg,"62 Trần Quang Khải, Phường Tân Định, Quận 1, TP.HCM",Trên 300 người,"Hơn 20 năm xây dựng và phát triển, SCTV tự hào là mạng truyền hình cáp đứng đầu Việt Nam với với thị phần truyền hình trả tiền đứng đầu cả nước, diện phủ sóng rộng khắp toàn quốc đến 53 / 63 Tỉnh Thành tại Việt Nam. SCTV cung cấp đa Dịch vụ Truyền thông - Viễn thông bao gồm: Truyền hình cáp, Truyền hình kỹ thuật số, Internet băng thông rộng Docsic 3.0, VoIP, VoD / OTT."
"Nhân Viên Kinh Doanh Thị Trường Ngành Vải, Lương 10 - 16 Triệu (Làm Tại Quận 6)",Công Ty TNHH TM Và DV Phú Gia Lạc,10 - 16 triệu,16/04/2024,30/04/2024,TP.HCM,10,Dưới 1 năm,"Chăm sóc khách hàng (data có sẵn) Nắm rõ thông tin sản phẩm/ dịch vụ của công ty Giới thiệu sản phẩm cty tới khách hàng Tìm hiểu thị trường, thị phần khu vực phụ trách, Tìm kiếm khách hàng mới Báo cáo công việc hằng ngày Chăm sóc và giữ mối quan hệ tốt với khách hàng. Theo dõi thông tin thị trường, thông tin về đối thủ cạnh tranh liên quan đến hàng hóa. Địa chỉ làm việc tại: 110/43/2/5 Bà Hom, P.13, Quận 6, TP.HCM","Ứng viên từ 22 đến 35 tuổi Có kinh nghiệm bán hàng từ 6 tháng đến 1 năm trở lên (Ưu tiên có kinh nghiệm kinh doanh 1 năm trở lên, chăm sóc khách hàng) Có khả năng giao tiếp tốt, tự tin, nhanh nhẹn, vui vẻ, hòa đồng. Chịu được áp lực công việc. Có tinh thần trách nhiệm cao, thái độ tốt, thẳng thắn, cần thận trong công việc, có khả năng làm việc nhóm và xử lý tình huống . Có phương tiện di chuyển. Ưu tiên ứng viên cư trú tại Quận 6, hoặc khu vực gần Quận 6 để thuận tiện đi làm","Thu nhập: 10 - 16 triệu (gồm mức lương, hoa hồng đạt doanh số và phụ cấp) Chế độ, phúc lợi theo quy định của nhà nước Lương tháng 13 hấp dẫn DATA CÓ SẴN. Môi trường làm việc năng động, nhiệt huyết, giúp đỡ lẫn nhau Du lịch,teambuilding hàng năm cùng công ty Cơ hội thăng tiến lên giám sát vùng Cụ thể sẽ được trao đổi thêm trong quá trình phỏng vấn","110 Bà Hom, Phường 13 Quận 6, TP.HCM",https://cdn1.vieclam24h.vn/tvn/images/employer_avatar/2021/10/12/images/163401903792.jpeg,"110 Bà Hom, Phường 13 Quận 6, TP.HCM",150 - 300 người,"- Phú Gia Lạc là nhà nhập khẩu và cung cấp sỉ các sản phẩm vật dụng gia đình, vật dụng nhà hàng khách sạn, văn phòng phẩm..... - Phú Gia Lạc là nhà cung cấp cho hầu hết hệ thống các siêu thị lớn nhỏ, các đại lý, cửa hàng..... trên toàn quốc. * Công ty Phú Gia Lạc chuyên phân phối kinh doanh các mặt hàng gia dụng vật dụng sử dụng trong gia đình: nhựa, inox, thủy tinh, sành sứ....tại các kênh hệ thống Chợ và Siêu Thị"
Nhân Viên Sale Admin,Công Ty TNHH Kỹ Thuật Tự Động Việt Đông Hải,9 - 13 triệu,22/04/2024,10/05/2024,TP.HCM,Nữ,1 năm,"Thực hiện các công việc về báo giá và hợp đồng Tiếp nhận, kiểm tra, tổng hợp các thông tin từ kinh doanh và soạn thảo hồ sơ báo giá, hợp đồng tham khảo, hợp đồng kinh tế và các văn bản khác. Cập nhật, theo dõi, báo cáo tình hình công nợ và thu hồi công nợ Phối hợp với đội ngũ kinh doanh để thu hồi công nợ đầy đủ và đúng hạn, theo dõi và cập nhật tình hình công nợ kịp thời. Cập nhật và báo cáo chi tiết công nợ hàng tuần, tháng. Báo cáo ngay cho cấp quản lý các trường hợp nợ khó đòi hoặc các vấn đề liên quan đến các phòng ban công ty dẫn đến chưa thu hồi công nợ đúng hạn. Triển khai và theo dõi quy trình thực hiện hợp đồng kinh tế liên quan đến phần việc của phòng kinh doanh Triển khai quy trình thực hiện hợp đồng kinh tế khi có hợp đồng mới đối với tất cả các chi nhánh của công ty. Theo dõi quá trình thực hiện, đôn đốc và thông báo cho những người có trách nhiệm liên quan bổ sung các giấy tờ, phụ lục hợp đồng, … đúng quy định của công ty. Thu thập và kiểm tra các thông tin cần thiết sau khi ký hợp đồng từ nhân viên kinh doanh để gửi cấp quản lý và tính hoa hồng kinh doanh. Tính KPI cho đội ngũ kinh doanh. Công việc khác Lên lịch, chuẩn bị các tài liệu và phối hợp với các phòng ban liên quan cho nhân viên phòng kinh doanh đưa đón khách hàng đi xem thang, về thăm công ty cũng như gặp các đối tác. Đề xuất văn phòng phẩm hằng tháng. Báo Cáo Cập nhật tình hình tất cả các chỉ số kinh doanh về kế hoạch và kết quả thực hiện của toàn công ty hàng ngày trên các hệ thống báo cáo. Thực hiện báo cáo tuần, tháng, quý, năm.","Nữ, tuổi từ 24 Tốt nghiệp cao đẳng trở lên các ngành có liên quan Có trên 1 năm kinh nghiệm ở vị trí tương đương Có thể làm việc độc lập và chịu được áp lực công việc Có khả năng xử lý tình huống và có trách nhiệm với công việc Thành thạo vi tính văn phòng Giao tiếp tốt, giọng nói dễ nghe","Lương thỏa thuận theo năng lực (từ 9 triệu). Được làm việc trong môi trường năng đông, thân thiện và được sự hỗ trợ để phát huy tối đa khả năng của nhân viên. Được đào tạo hằng tuần về kỹ năng chuyên môn tại công ty. Do quy mô công ty đang mở rộng nên cơ hội thăng tiến và phát triển công việc lên các vị trí quản lý cao. Được hưởng đầy đủ các quyền lợi theo quy định của luật lao động (BHXH, BHYT, BHTN và 12 ngày phép năm) và các quyền lợi khác theo quy định của nhà nước và thỏa ước lao động của công ty (lương tháng 13, thưởng hiệu quả kinh doanh, lễ, tết,....)","Số 1974 Võ Văn Kiệt, Phường An Lạc, Quận Bình Tân, TP  Hồ Chí Minh",https://cdn1.vieclam24h.vn/tvn/images/old_employer_avatar/images/970bd85f4ad0762138a40cc9693482c0_5a6fdfa9ac24a_1517281193.jpeg,"Số 1974 Võ Văn Kiệt, Phường An Lạc, Quận Bình Tân, TP  Hồ Chí Minh",150 - 300 người,"Công ty thang máy Việt Đông Hải xin gửi đến quý khách hàng lời chào thân ái, lời chúc sức khỏe, thành công và thịnh vượng ! Thang máy Việt Đông Hải đã hoạt động nhiều năm trong lĩnh vực dịch vụ cung cấp, lắp đặt, vận hành, bảo hành, bảo trì, sửa chữa các loại thang máy,... Với đội ngũ chuyên viên kỹ thuật trình độ cao, có kiến thức chuyên môn về thang máy, giàu kinh nghiệm thực tế, nhiệt thành & có tâm với nghề. Do nhu cầu mở rộng hoạt động kinh doanh và tạo nguồn nhân lực cho sự phát triển của công ty, chúng tôi đang tìm kiếm những ứng viên tâm huyết, năng động trong công việc. Rất mong được hợp tác với các bạn chung chí hướng để cùng với công ty mang đến cho khách hàng những sản phẩm chất lượng nhất, sự hài lòng cao nhất và sự thành công lâu dài của công ty."
HCM - Chuyên Viên Kinh Doanh BĐS (Sales Inhouse),Công ty Cổ Phần Vinhomes,10 - 50 triệu,22/04/2024,30/06/2024,TP.HCM,500,2 năm,"- Tìm kiếm, khai thác khách hàng có nhu cầu về bất động sản. - Cung cấp, tư vấn đầy đủ chính xác thông tin sản phẩm đáp ứng nhu cầu khách hàng nhằm hoàn thành chỉ tiêu được giao. - Phát triển mối quan hệ khách hàng và kênh khách hàng mới. - Chăm sóc khách hàng theo chương trình của công ty. - Các công việc khác theo sự phân công, chỉ đạo của quản lý trực tiếp.","- Nam/Nữ tuổi từ 22 - 40, tốt nghiệp Trung cấp trở lên - Có tối thiểu 02 năm kinh nghiệm trong bán hàng hoặc chăm sóc bán hàng mảng Bất động sản; - Ưu tiên ứng viên đã từng bán các sản phẩm BĐS của Vinhomes; - Yêu thích kinh doanh và đam mê Bất động sản - Ngoại hình ưa nhìn, nhanh nhẹn, giao tiếp tốt, tư duy dịch vụ khách hàng tốt - Có kỹ năng thuyết phục, đàm phán, chốt giao dịch - Yêu cầu nhanh nhẹn, nhiệt tình, chăm chỉ, cần thận","- Lương 10tr + KPIs - Phụ cấp ăn ca 850k - Được tham gia đóng bảo hiểm theo quy định của Nhà nước, hưởng các phúc lợi hấp dẫn từ TĐ Vingroup - Chính sách đào tạo bài bản, chuyên nghiệp - Các Dự án với địa điểm đặc địa, chính sách pháp lý rõ ràng - Được làm việc trong môi trường chuyên nghiệp, năng động và hiệu quả, có cơ hội thăng tiến","Tầng 4, Vincom Mega Mall Thảo Điền, TP. Thủ Đức, TP. HCM",https://cdn1.vieclam24h.vn/images/old_employer_avatar/images/e156f68da2d12b1485d4579e86d10f10_4876858_vieclam24h_1581913790.png,"Tầng 4, Vincom Mega Mall Thảo Điền, TP. Thủ Đức, TP. HCM",Trên 300 người,"Address: Văn phòng Hà Nội: Tầng 5, T13, Tower 1, KĐT Vinhomes Times City, 458 Nguyễn Thị Minh Khai, TP. Hà Nội; Văn phòng TP.HCM: Số 2 Tôn Đức Thắng, Bến Nghé, Quận 1, TP.HCM Website: http:// vinhomes.vn Company Size: 1,000-4,999. Vinhomes - Hệ thống căn hộ và biệt thự với dịch vụ đẳng cấp của Tập đoàn Vingroup Vinhomes cung cấp đến khách hàng một tiêu chuẩn sống đẳng cấp vượt trội mới, đây là sự kết hợp hoàn chỉnh giữa bất động sản nhà ở và hệ thống dịch vụ tiêu chuẩn cao tại những khu đô thị quy mô hàng đầu Việt Nam mang đẳng cấp quốc tế do Vingroup đầu tư. Với tầm nhìn chiến lược và phát triển bền vững, mỗi khu đô thị trong hệ thống Vinhomes đều tọa lạc tại các vị trí trung tâm Hà Nội và thành phố Hồ Chí Minh, hội tụ những giá trị vượt trội: Sản phẩm nhà ở chất lượng cao; Dịch vụ tại gia chuyên nghiệp; Môi trường sống xanh, sạch; Văn hóa cộng đồng nhân văn; An ninh – An toàn được đảm bảo; và Tiện ích đồng bộ, đầy đủ. Với Vinhomes, lần đầu tiên, cư dân đã và đang được trải nghiệm một môi trường sống lý tưởng, hoàn toàn mới – nơi hạnh phúc đến từ sự kết hợp hoàn chỉnh giữa tiện nghi sang trọng và hệ thống dịch vụ tiêu chuẩn 5*, tạo dựng một cuộc sống hạnh phúc ngập tràn. Các khu đô thị mang thương hiệu Vinhomes sẽ luôn là sự lựa chọn hoàn hảo cho quý vị."
Nhân Viên Tư Vấn Sữa Abbott Của Hoa Kỳ Thu Nhập Từ 10 Triệu,Công Ty TNHH BPO Niềm Tin Việt,10 - 25 triệu,12/04/2024,15/05/2024,TP.HCM,20,Dưới 1 năm,"Gọi ra theo data có sẵn do công ty cung cấp Data thực 100% và khách hàng đã có nhu cầu quan tâm sản phẩm Chăm sóc và giải đáp thắc mắc cho KH về sản phẩm sữa (Ensure, Pediasure, similac...) Tìm hiểu thêm thông tin và nhu cầu của KH để tăng doanh số bán hàng Làm tại văn phòng, không đi thị trường, không tìm kiếm khách hàng Đảm bảo chỉ tiêu theo ngày/tuần/tháng Thời gian làm việc 08h00 - 18h00 (nghỉ trưa 12h- 13h)","Tốt nghiệp từ THPT Có kinh nghiệm liên quan đến bán hàng, tư vấn KH là lợi thế Nhanh nhẹn, giao tiếp tốt, có kỷ luật và có khả năng chịu được áp lực công việc Ưu tiên ứng viên có kinh nghiệm tư vấn, ngành dinh dưỡng","Lương cứng: 7,000,000đ Thưởng hiệu quả công việc lên đến 18,000,000vnđ Full 100% lương và hoa hồng nếu có, tính lương từ ngày training đầu tiên. Tham gia bảo hiểm đầy đủ sau 2 tháng thử việc, khám sức khỏe định kỳ hằng năm, tháng lương 13, có 14 ngày phép/ năm. Tham gia teambuilding, các ngày lễ hiếu hỉ ma chay và phúc lợi khác theo quy định của pháp luật. Được đào tạo về kiến thức sản phẩm, kiến thức về dinh dưỡng, kỹ năng giao tiếp và xử lý khiếu nại. Cung cấp đầy đủ thiết bị công cụ làm việc: điện thoại, máy tính, tai nghe. Có khu vực pantry, đầy đủ tiện ích khác: lò vi sóng, tủ lạnh, quầy nước, cà phê…., văn phòng làm việc hiện đại theo tiêu chuẩn quốc tế.","47 - 49 Trần Văn Ơn, phường Tân Sơn Nhì, quận Tân Phú, tp Hồ Chí Minh",https://cdn1.vieclam24h.vn/images/employer_avatar/2022/11/30/images/166980279786.jpeg,"47 - 49 Trần Văn Ơn, phường Tân Sơn Nhì, quận Tân Phú, tp Hồ Chí Minh",150 - 300 người,"• Công ty TNHH Viễn thông Niềm Tin Việt (NTV Telecom) là nhà cung cấp dịch vụ và giải pháp dịch vụ chăm sóc khách hàng uy tín hàng đầu tại thị trường Việt Nam. Được thành lập từ năm 2007 với mục tiêu nâng cao chất lượng và hiệu quả của dịch vụ cũng như đáp ứng nhu cầu ngày càng cao của doanh nghiệp. Đến nay, dựa trên nền tảng nhiều năm kinh nghiệm, cũng như sự phát triển và làm việc độc lập, Niềm Tin Việt Telecom cung cấp cho doanh nghiệp dịch vụ như giao tiếp, xây dựng và phát triển mối quan hệ với khách hàng, chăm sóc khách hàng, bán hàng và dịch vụ khảo sát qua điện thoại. Với đội ngũ nhân viên được đào tạo chuyên nghiệp sáng tạo và tận tâm, Niềm Tin Việt cam kết cung cấp cho khách hàng những dịch vụ có giá trị và lợi thế cạnh tranh cao. Bạn có muốn gia nhập đội ngũ Call Center của Niềm Tin Việt ? • Vì sao chọn Niềm Tin Việt ? - Chúng tôi luôn hiểu và tin rằng con người là tài sản lớn nhất của Niềm Tin Việt. Tại Niềm Tin Việt, sự nghiệp của các bạn sẽ được phát triển cùng với sự lớn mạnh không ngừng của chúng tôi. Với chúng tôi, bạn là đồng nghiệp, là nguồn sống, là động lực để chúng tôi đầu tư hết mình. • Chính sách lương thưởng ? - Làm việc tại Niềm Tin Việt, bạn sẽ nhận được mức thu nhập tương xứng với năng lực và cạnh tranh so với thị trường. Ngoài ra, với đội ngũ nhân viên tận tâm, hết lòng vì công ty, chúng tôi luôn dành tặng mức thưởng tương xứng, như thể hiện sự trân trọng của chúng tôi đối với những đóng góp của các bạn. • Chúng tôi sẽ giúp bạn thành công thế nào trong tương lai ? - Với đội ngũ Back Office hỗ trợ chuyên nghiệp về NGHIỆP VỤ - KỸ NĂNG – GIAO TIẾP, chúng tôi tự tin rằng bạn sẽ không bao giờ thấy mình đơn độc trong môi trường chuyên nghiệp của công ty."
Nhân Viên Chăm Sóc Khách Hàng - Tiếng Anh Tại Quận 12,Công Ty TNHH Vietnam Concentrix Services,12 - 15 triệu,15/04/2024,30/04/2024,TP.HCM,60,Dưới 1 năm,"- Liaising between guests and partners to resolve light complexity issues via inbound, outbound, email, chat, and messaging on various topics such as: additional travel advice, modifications, cancellations, complaint. - Providing accurate, valid, and complete information by using the right tools, methods, and processes. - Report immediately serious cases/ inconstant situations. - Ensuring a high level of customer service and a positive guest experience. - Proactive update information/ knowledge about customer service. Working Time: Rotating Day - Night shift (once per month), 2 days off per week, arranged by team leaders. - Day Shift: 7:00 – 16:00; 9:00 – 18:00; 12:00 – 21:00; 13:00 – 22:00. - Night Shift: 19:00 – 4:00; 20:00 – 5:00; 21:00 – 6:00; 22:00 – 7:00. - Liên hệ với khách hàng thông qua các cuộc gọi đi, nhận cuộc gọi đến, email, chat, tin nhắn để hỗ trợ xử lý các vấn đề liên quan đến những lời khuyên cho các chuyến du lịch, nơi ở, những vấn đề hủy đổi và than phiền. - Cung cấp thông tin chính xác, hợp lệ và đầy đủ bằng cách sử dụng các công cụ, phương pháp và quy trình phù hợp. - Báo cáo ngay lập tức các trường hợp nghiệm trọng/tình huống mâu thuẫn. - Đảm bảo việc chăm sóc khách hàng và trải nghiệm tích cực của khách hàng ở mức độ cao. - Chủ động cập nhật thông tin và kiến thức về dịch vụ khách hàng. Thời gian làm việc: Xoay ca theo tháng Ngày - Đêm (1 tháng/lần), 5 buổi/tuần, off 2 ngày bất kỳ. - Ca ngày: 7:00 – 16:00; 9:00 – 18:00; 12:00 – 21:00; 13:00 – 22:00. - Ca đêm: 19:00 – 4:00; 20:00 – 5:00; 21:00 – 6:00; 22:00 – 7:00.","- Graduated equivalent Majors is an advantage. - Fluency in English (Speaking, listening, writing, and reading) - working 100% English. - Tốt nghiệp các chuyên ngành tương đương là một lợi thế. - Trình độ giao tiếp đạt B2 trở lên ( có hỗ trợ công cụ test)","- Average income: 10.000.000 – 15.000.000vnd/month. - Base Salary: 7.500.000 vnd/month - Meal allowance: 500.000 vnd/month. - Night shift allowance: 30% base salary. - Complexity allowance: 1.000.000 vnd/month. (apply after 2 probationary months). - Monthly KPI incentive: 900.000 – 1.200.000 vnd/month. - Probation for 2 months receive 100% salary. - Working time: 5 days/week (any 2 days off). - Shift: Rotate 24/7 (according to the arrangement of the team leader) - Rotating shifts: 9 hours/shift/month (including 1.5 hour rest). - Join the insurance regimes according to the provisions of the Labor Law. - Accident insurance 24/7. - 14 days of leave/year. - 13th Monthly Salary. - Annual Health Checkup. - Working in a dynamic, professional environment with many opportunities for advancement. - Thu nhập trung bình: 10.000.000 – 15.000.000đ/tháng. - Lương cứng 7,500,000/ tháng - Phụ cấp cơm: 500.000đ/tháng. - Phụ cấp ca đêm: 30% lương cơ bản. - Phụ cấp công việc: 1.000.000đ/tháng (áp dụng sau 2 tháng thử việc). - Thưởng KPI: 900.000 - 1.200.000đ/tháng. - Thử việc 2 tháng nhận 100% lương. - Thời gian làm việc: off bất kỳ 2 ngày/tuần. - Ca: xoay ca 24/7, 9 tiếng/ca (bao gồm 1.5 tiếng nghỉ ngơi). - Được tham gia BHXH, BHYT đầy đủ. - Được tham gia gói bảo hiểm tai nạn 24/7. - 14 ngày phép 1 năm. - Lương tháng 13. - Khám sức khỏe định kỳ hằng năm. - Môi trường làm việc quốc tế, hiện đại, chuyên nghiệp.","QTSC Building l,Lô 34, đường số 14, Công Viên Phần Mềm Quang Trung, Phường Tân Chánh Hiệp, Quận 12, Thành phố Hồ Chí Minh, Việt Nam",https://cdn1.vieclam24h.vn/upload/files_cua_nguoi_dung/logo/2019/12/28/4848407_vieclam24h_1577513429.jpg,"QTSC Building l,Lô 34, đường số 14, Công Viên Phần Mềm Quang Trung, Phường Tân Chánh Hiệp, Quận 12, Thành phố Hồ Chí Minh, Việt Nam",Trên 300 người,"Concentrix là một công ty hàng đầu thế giới của Mỹ trong lĩnh vực dịch vụ chăm sóc khách hàng có mặt ở trên 44 quốc gia với tổng số nhân sự lên tới trên 250.000 nhân viên. Concentrix Việt Nam luôn đầu tư và nỗ lực nhằm cung cấp môi trường tốt nhất như: Cơ hội học hỏi & phát triển Kết nối thường xuyên với nhân viên, tạo môi trường tốt để lắng nghe và tôn trọng tiếng nói nhân viên cũng như giá trị tập thể Đầy đủ cơ hội phát triển nhân viên Công nhận sự nỗ lực và sự cống hiến từ các cá nhân và tập thể Sự khác biệt lớn khi có sự đồng hành tuyệt vời từ đội ngũ nhân viên Concentrix. Với sứ mệnh luôn chú trọng con người là nhân tố chủ lực, chính điều này đã trở thành một trong các yếu tố quan trọng giúp chúng tôi chiến thắng với giải thưởng cao quý và uy tín \"" Công ty có môi trường làm việc tốt nhất Châu Á năm 2020\"" – Được bình chọn bởi Tạp chí HR Asia - Là một trong những ấn phẩm hàng đầu Châu Á dành cho Hiệp hội Nhân sự. Giải thưởng cao quý này là sự ghi nhận cho những nỗ lực của Gia đình Concentrix! Chúng tôi không quên gửi lời chân thành Cảm ơn sâu sắc tới đội ngũ Ban Lãnh đạo, Ban Quản lý cùng hơn 1000 nhân viên đã luôn nhiệt huyết, nỗ lực và đồng hành cùng Concentrix."
Nhân Viên Tư Vấn - Chốt Đơn  (Thu Nhập Khủng Upto 20 Triệu),Công Ty Cổ Phần BPO Mắt Bão,7 - 30 triệu,18/04/2024,18/05/2024,TP.HCM,10,Dưới 1 năm,"✓ Gọi ra theo data có sẵn được công ty cung cấp 100%, tư vấn sản phẩm cho khách hàng. ✓ 100% làm việc tại văn phòng, không đi thị trường ✓ Chăm sóc và giải đáp thắc mắc cho khách hàng. ✓ Đảm bảo chỉ tiêu theo ngày/ tuần/ tháng.","✓ Tốt nghiệp THPT trở lên, tuổi 20-32 tuổi ✓ Có kinh nghiệm telesale, tư vấn bán hàng, chăm sóc khách hàng, call center ✓ Nhanh nhẹn, giao tiếp tốt, khả năng chịu áp lực công việc cao. ✓ Ưu tiên ứng viên từng có kinh nghiệm sale sản phẩm sữa dinh dưỡng","✓ Lương= Lương cứng 7 triệu + thưởng theo tỉ lệ hoàn thành KPIs. Thu nhập trung bình: 10 - 30 triệu/ tháng ✓ Thử việc 2 tháng, nhận 100% lương cứng. ✓ Môi trường làm việc chuyên nghiệp, năng động, miễn phí gửi xe ✓ Được đóng BHXH, BHYT và hưởng đầy đủ các chế độ theo luật lao động ✓ Tham gia các hoạt động nội bộ: Tổ chức sinh nhật hàng tháng, Tiệc Noel,... ✓ Quà tặng sinh nhật, các dịp lễ Tết cho Nhân Viên và Gia Đình (8/3 , 1/6, 20/10, Trung thu,...)","Tòa nhà AXYS, Số 12A Núi Thành, quận Tân Bình, TP.HCM",https://cdn1.vieclam24h.vn/images/employer_avatar/2024/03/21/matbao-1_171099254818.png,"Tòa nhà AXYS, Số 12A Núi Thành, quận Tân Bình, TP.HCM",Trên 300 người,"Công ty Cổ phần BPO MẮT BÃO - nhà cung cấp dịch vụ: Chăm sóc khách hàng (Call Centrer), xử lý dữ liệu, tư vấn, đào tạo tốt nhất tại Việt Nam. MẮT BÃO BPO được biết đến với dịch vụ chuyên nghiệp, đa dạng cùng nền văn hóa đặc sắc với hơn 2000 nhân sự trên cả nước. Đáp ứng nhu cầu phát triển bền vững, Công ty chúng tôi vinh dự mời quý anh chị tìm hiểu và gia nhập cùng đội ngũ MẮT BÃO BPO. Chúng tôi rất trân trọng sự giới thiệu của quý anh chị đến bạn bè, đồng nghiệp về MẮT BÃO, môi trường làm việc với trang thiết bị hiện đại, thu nhập tương xứng với khả năng."
"Nhân Viên Vận Hành Máy, Lương 12 - 15 Triệu (Đi Làm Ngay)",Công Ty TNHH Quilling Card Vietnam,12 - 15 triệu,20/04/2024,05/05/2024,TP.HCM,5,1 năm,"- Nắm vững cấu tạo, cơ chế vận hành của các loại máy và thiết bị. - Vận hành máy: máy cắt, máy ép, máy cấn bế, máy dán phong bì, máy bôi keo…. đúng quy trình trong sản xuất. - Nhận định mức vận hành cho máy phụ trách và đảm bảo vận hành máy trong điều kiện tối ưu đạt định mức đế ra. Có phản hồi lại quản lý trực tiếp nếu định mức chưa phù hợp. - Nhận NVL theo đúng quy trình và đảm bảo chất lượng NVL trong suốt quá trình sản xuất. - Kiểm tra NVL đầu vào trước khi đưa vào sản xuất, báo cáo cấp trên khi phát hiện NVL lỗi. - Kiểm tra chất lượng sản phẩm trong quá trình vận hành máy sản xuất. - Kiểm tra chất lượng sản phẩm sau khi sản xuất xong. - Luôn đảm bảo vận hành máy một cách tốt nhất để tăng cao hiệu suất, giảm thứ phẩm và phế phẩm để đảm bảo chất lượng sản phẩm. - Đảm bảo bảo quản chất lượng các phụ tùng linh kiện, vật tư tiêu hao khác. Thay thế kịp thời để đảm bảo quá trình sản xuất được liên tục và đạt sản lượng yêu cầu. Thống kê các nguyên phụ liệu cần dùng cho mỗi loại máy phụ trách. - Đóng gói và chuyển giao thành phẩm theo đúng quy cách và quy trình giao hàng. - Lập báo cáo về số lượng thành phẩm theo mã hàng, đơn hàng rõ ràng theo yêu cầu. - Phối hợp với các bộ phận hoặc nhân viên vận hành sản xuất khác để đảm bảo thứ tự làm việc. - Hỗ trợ nhân viên vận hành máy khác trong quá trình làm việc khi cần thiết. - Tuân thủ thực hiện an toàn TNLĐ tại nơi làm việc. - Tuân thủ các quy định về an toàn và tiêu chuẩn chất lượng. - Bảo quản, bảo trì vệ sinh máy móc thiết bị được sạch sẽ gọn gàng định kỳ 1 tuần/lần. Hằng ngày vệ sinh, dọn dẹp khu vực làm việc đảm bảo sạch sẽ. - Phối hợp nhân viên bảo hành / trì máy móc của bên nhà cung cấp máy đảm bảo máy vận hành tốt. - Chấp hành theo sự phân công công việc và báo cáo trực tiếp công việc cho quản lý trực tiếp. - Bảo mật công nghệ và thông tin sản phẩm của Công ty. - Số ngày làm việc trong tuần: 06 ngày, từ thứ 2 đến thứ 7 hàng tuần. - Thời gian làm việc trong ngày như sau: + Sáng: từ 7 giờ 30 phút đến 12 giờ. + Chiều: từ 13 giờ đến 16 giờ 30.","- Tốt nghiệp Trung học Phổ thông trở lên. - Kinh nghiệm: trên 1 năm làm việc, từ 24 tuổi trở lên. - Nắm rõ cơ chế hoạt động của các loại máy móc và quy trình sản xuất. - Có khả năng làm việc trong môi trường áp lực, bận rộn. - Đảm bảo tuân thủ đúng các tiêu chuẩn, nguyên tắc trong công việc, quy tắc an toàn khi vận hành máy móc. - Có kinh nghiệm làm công việc nhân viên vận hành máy là một lợi thế. - Kỹ năng quan sát và phân tích tốt. - Cẩn thận, tỉ mỉ và tinh thần trách nhiệm cao trong công việc. - Kỹ năng làm việc nhóm và làm việc độc lập. - Sức khỏe tốt.","- Lương từ 12 đến 15 triệu/ tháng, tùy theo năng lực ứng viên sẽ trao đổi khi phỏng vấn - Mức lương - thưởng cạnh tranh, sẽ xứng đáng với năng lực làm việc, sẽ trao đổi trong quá trình phỏng vấn - Xem xét tăng lương theo năng lực - Phụ cấp cơm trưa - Đồng phục - Thưởng Lễ Tết, lương tháng 13 - Nghỉ phép năm, Lễ Tết theo qui định - Du lịch cùng công ty - Được đảm bảo các quyền lợi, chế độ theo quy định của pháp luật Lao động và các chính sách phúc lợi của Công ty. - Đóng BHXH full lương sau 2 tháng thử việc, Chăm sóc sức khỏe theo qui định - Môi trường làm việc chuyên nghiệp, năng động, hiện đại. - Được đào tạo hướng dẫn nhằm nâng cao kiến thức, chuyên môn. Cơ hội thăng tiến - Quyền lợi cụ thể hơn sẽ được trao đổi khi phỏng vấn","190A/190B, Trần Văn Chẩm, Ấp 4, Phước Vĩnh An, Củ Chi, TP. Hồ Chí Minh",https://cdn1.vieclam24h.vn/images/old_employer_avatar/images/c3afc8b470d094956bfd50eec4bea431_4249638_vieclam24h_1591846395.jpeg,"190A/190B, Trần Văn Chẩm, Ấp 4, Phước Vĩnh An, Củ Chi, TP. Hồ Chí Minh",Trên 300 người,"Quilling Card được thành lập năm 2015. Hương Wolf , một người Mỹ gốc Việt, đã làm việc cho các tập đoàn lớn như Unilever và L\\\' Oreal. Sau nhiều năm làm việc, cô quyết định tự mình theo đuổi đam mê kinh doanh. Chập chững bước vào ngành nghệ thuật xoắn giấy, yêu thích và nhận thấy tiềm năng của thị trường nghệ thuật thủ công, công ty đã ra đời từ đó. Chúng tôi hy vọng bạn yêu thích sản phẩm của chúng tôi nhiều như chúng tôi yêu thích nó, chúng tôi đã đặt cả trái tim của chúng tôi trong việc tạo ra các mẫu thiết kế và hoàn thiện nó trên từng sản phẩm - Địa chỉ : 551 / 158 Lê Văn Khương, KP7, P Hiệp Thành, Q12"
Lập Trình Viên,Công Ty TNHH Truyền Hình Cáp Saigontourist,8 - 25 triệu,23/04/2024,22/05/2024,TP.HCM,6,Chưa có kinh nghiệm,"- Tiếp quản nắm bắt nghiệp vụ các hệ thống hiện tại của Công ty để phục vụ công tác phân tích số liệu, báo cáo và hỗ trợ doanh nghiệp ra quyết định. - Hỗ trợ Công ty, Phòng ban và Chi nhánh phân tích dữ liệu, xây dựng các báo cáo theo mẫu và các báo cáo bất thường. - Nghiên cứu công nghệ mới để xây dựng các sản phẩm cốt lõi phục vụ cho nhu cầu sản xuất kinh doanh của Công ty. - Bảo trì, nâng cấp & phát triển các tính năng mới cho các ứng dụng (Windows app, web, API, Android, iOS), hệ thống DW đang triển khai theo phân công của trưởng nhóm. - Làm việc và tương tác với các nhóm khác như (Designer, Tester) để hoàn thiện từng Module và toàn bộ ứng dụng. - Xử lý các công việc khác liên quan đến kỹ thuật, sản phẩm của các dự án tham gia theo sự phân công của trưởng nhóm. - Xây dựng mobile app cross-platform trên Flutter framework cho Android, iOS - Phát triển các modules theo yêu cầu và riêng biệt cho Android và iOS - Đồng bộ, tích hợp tạo dữ liệu phân tích của các dữ liệu cấu trúc khác (excel, cvs, …) từ local hoặc remote (file server, ftp, sftp, …)","- Tốt nghiệp Đại học chuyên ngành Công nghệ Thông tin hoặc tương đương - Có kiến thức về NET/Net Core, kỹ năng và sử dụng ngôn ngữ lập trình C++/ C#. - Hiểu biết về OOP, Design Pattern, RESTFulAPI, Entity Framework Core, ...làm việc với các hệ quản trị CSDL như SQL Server/ MySQL/Oracle/… - Biết sử dụng các công cụ lập trình phổ biến như Visual Studio, Visual Studio Code. Các công cụ kiểm soát phiên bản phát triển phổ biến như: Git, SVN, …thành thạo Flutter. - Có kiến thức và kinh nghiệm về lập trình hướng đối tượng (OOP), thiết kế hệ thống tổng thể. - Ưu tiên các ứng viên đã phát triển ứng dụng thực tế & đã từng public lên PlayStore & AppStore, có kinh nghiệm tích hợp với RESTful API, Web service, Web socket và các SDK, thư viện trong quá trình phát triển ứng dụng. - Làm việc độc lập hoặc theo nhóm, feedback, review, training, hỗ trợ đồng đội, sáng tạo, khả năng nắm bắt vấn đề, ra giải pháp nhanh và cho kết quả nhanh - Nắm rõ hệ quản trị cơ sở dữ liệu SQL Server và SQL Server Integration Service (SSIS), SQL Server Reporting Services (SSRS), Microsoft Power BI - Có kiến thức về ETL, về các hệ quản trị cơ sở dữ liệu khác như: MySQL, MariaDB, OracleDB, DB2, PostgreSQL, MongoDB, …SQL Server Data Mining, SQL Server store procedure, functions, SAP Crystal Reports - Có khả năng làm việc độc lập hoặc theo nhóm, feedback, review, training, hỗ trợ đồng đội. -Ưu tiên ứng viên có kinh nghiệm 1 năm trở lên. Ứng viên chưa có kinh nghiệm sẽ được đào tạo","- Thưởng các ngày lễ, tết, chế độ nghỉ mát và theo năng suất hiệu quả công việc - Phụ cấp đồng phục hàng năm. - Tham gia BHXH, BHYT, BHTN theo quy định của nhà nước và Bảo hiểm tai nạn kết hợp. - Môi trường làm việc thân thiện, năng động -Thu nhập tùy theo năng lực","31-33 Đinh Công Tráng, Phường Tân Định, Quận 1, TP.HCM",https://cdn1.vieclam24h.vn/upload/files_cua_nguoi_dung/logo/2017/08/11/1502416358_logo_SCTV_1.jpg,"31-33 Đinh Công Tráng, Phường Tân Định, Quận 1, TP.HCM",Trên 300 người,"Hơn 20 năm xây dựng và phát triển, SCTV tự hào là mạng truyền hình cáp đứng đầu Việt Nam với với thị phần truyền hình trả tiền đứng đầu cả nước, diện phủ sóng rộng khắp toàn quốc đến 53 / 63 Tỉnh Thành tại Việt Nam. SCTV cung cấp đa Dịch vụ Truyền thông - Viễn thông bao gồm: Truyền hình cáp, Truyền hình kỹ thuật số, Internet băng thông rộng Docsic 3.0, VoIP, VoD / OTT."
Nhân Viên Bán Hàng Điện Máy (Chưa Có Kinh Nghiệm Được Đào Tạo),Công Ty TNHH Thương Mại Vhc - Siêu Thị Điện Máy Hc,6 - 8 triệu,19/04/2024,19/05/2024,Hà Nội,10,Chưa có kinh nghiệm,"- Giới thiệu, tư vấn và bán các sản phẩm điện máy. - Trưng bày và vệ sinh hàng hóa trên quầy kệ - Quản lý hàng hóa trưng bày thuộc khu vực phụ trách (số lượng, chất lượng, quy cách) theo quy định của Công ty - Hỗ trợ hoàn tất các thủ tục bán hàng cho khách - Hỗ trợ các bộ phận khác khi cần. Ứng viên lựa chọn làm việc tại 1 trong các địa điểm sau: HC Phạm Văn Đồng : 399 Phạm Văn Đồng, P. Xuân Đỉnh, Q. Bắc Từ Liêm, Tp. Hà Nội HC Tam Trinh : 411 Tam Trinh, P. Hoàng Văn Thụ, Q. Hoàng Mai, Tp. Hà Nội HC Thái Thịnh : 102 Thái Thịnh, P. Trung Liệt, Q. Đống Đa, Tp. Hà Nội HC Đông Anh: Km 13 Lương Nỗ, Xã Tiên Dương, H. Đông Anh, Tp. Hà Nội HC Sóc Sơn: 36B QL2, Xã Phù Lỗ, H. Sóc Sơn, Tp. Hà Nội HC Hoàng Quốc Việt: 94 Hoàng Quốc Việt, P. Nghĩa Đô, Q. Cầu Giấy, Tp. Hà Nội HC 348 Giải Phóng: 348 Giải Phóng, P. Phương Liệt, Q. Thanh Xuân, Tp. Hà Nội","- Tốt nghiệp từ PTTH trở lên, sinh viên đi làm thêm - Không yêu cầu kinh nghiệm, được đào tạo - Tuổi từ 18 đến 40, có sức khỏe tốt. - Ngoại hình cân đối, ưa nhìn, giao tiếp tốt, giọng nói dễ nghe, không bị ngọng hay lắp. - Làm việc luân phiên theo ca - Có ca làm việc linh động: sáng/chiều/tối cho sinh viên đi làm thêm.","- Thu nhập TB từ 6-8 triệu hoặc cao hơn tùy năng lưc - Phúc lợi đầy đủ: BHXH, BHTN, BHYT, hiếu hỉ, sinh nhật, khám sức khỏe, thưởng năm.... - Được ký HĐLĐ xác định thời hạn sau thời gian thử việc - Môi trường phát triển bền vững, được cọ xát, tích lũy thêm kinh nghiệm từ đội ngũ nhân viên dày dặn kinh nghiệm và làm việc trong môi trường năng động, bình đẳng, chuyên nghiệp.","Tầng 6, VHC Corporation Tower, 399 Phạm Văn Đồng, Bắc Từ Liêm, Hà Nội",https://cdn1.vieclam24h.vn/images/employer_avatar/2023/05/16/Logo HC-01 sửa_168422800436.jpg,"Tầng 6, VHC Corporation Tower, 399 Phạm Văn Đồng, Bắc Từ Liêm, Hà Nội",Trên 300 người,"Công ty TNHH Thương mại VHC (VHC Corporation) là chủ sở hữu và điều hành của Hệ thống Siêu thị Điện máy HC lớn nhất miền Bắc Việt Nam và đang trên đà chiếm lĩnh thị trường miền Trung, miền Nam. Là một trong những Hệ thống Siêu thị Điện máy đầu tiên ra đời tại Hà Nội vào ngày 24 / 5 / 2006, HC chuyên kinh doanh các mặt hàng Điện tử, Điện lạnh, Gia dụng, IT, Mobile – Giải trí số. HC hiện có 44 chi nhánh trên toàn miền Bắc, Trung, Nam. Các chi nhánh có hệ thống nhận diện đồng bộ, diện tích sàn trưng bày trung bình mỗi siêu thị từ 1.000m2 đến 4.000m2, cùng hệ thống logistic trung bình lên đến 10.000m2; cung ứng hơn 50.000 sản phẩm điện máy uy tín, chất lượng của các thương hiệu hàng đầu thế giới cùng phong cách phục vụ theo tiêu chuẩn quốc tế. Mảng kinh doanh trực tuyến cũng hoạt động song song tại website www.hc.com.vn như một chi nhánh độc lập của hệ thống. VHC luôn chú trọng đặt lợi ích của khách hàng là trung tâm trong mọi hoạt động. VHC luôn mở rộng cánh cửa chào đón những nhân lực tài năng giàu đam mê và nhiệt huyết, dám thách thức trong môi trường làm việc hiện đại, chuyên nghiệp, năng động và cạnh tranh tích cực. “2000 thành viên của VHC đang chào đón bạn” Chính sách thu nhập: - Chế độ thu nhập: không giới hạn, hưởng theo năng lực và kết quả kinh doanh. - Chế độ thưởng sản phẩm dành riêng cho nhân viên tư vấn bán hàng và quản lý ngành hàng. - Phụ cấp khác theo tính chất công việc: điện thoại, xăng xe, đi đường… Các chính sách phúc lợi khác: - Thưởng thành tích, tháng, quý, năm. - Chế độ liên quan đến thưởng ngày nghỉ lễ, tết nguyên Đán, ngày Quốc khánh, ngày Sinh nhật Công ty…. - Chế độ liên quan đến bảo vệ quyền lợi cho người lao động như: Sinh nhật, hiếu, hỉ, ốm đau, kết hôn…. - Khám sức khỏe 1 năm một lần - Chế độ bảo hiểm (xã hội, y tế, thất nghiệp), bảo hiểm tai nạn lao động, bệnh nghề nghiệp, tử tuất theo quy định của luật lao động. - Các chế độ khác liên quan đên việc tổ chức các hoạt động văn hóa, thể thao, văn nghệ của tổ chức công đoàn Công ty… Đào tạo và phát triển: “ VHC cung cấp chương trình đào tạo và phát triển ở tất cả các cấp giúp bạn mài giũa kỹ năng, tiến bộ ở vị trí hiện tại và sẵn sàng cho việc chấp nhận thách thức ở những vị trí cao hơn” Trung tâm đào tạo VHC với đội ngũ hơn 50 giảng viên là các quản lý dày dạn kinh nghiệm cung cấp cho mỗi nhân viên VHC kiến thức và kỹ năng chuyên biệt cho nghề Bán lẻ, cũng như các kỹ năng chuyên môn khác. - Chương trình đào tạo Kỹ năng bán hàng - Chương trình đào tạo Sản phẩm - Chương trình đào tạo Quy trình - Chương trình đào tạo Kỹ năng mềm - Chương trình đào tạo Kỹ năng quản lý - Chương trình liên kết đào tạo với các hãng, nhà cung cấp, các tổ chức đào tạo giúp nhân viên tiếp cận với các kiến thức, tri thức mới."
Nhân Viên Kế Toán Nội Bộ,Công Ty TNHH Truyền Hình Cáp Saigontourist,6 - 8 triệu,23/04/2024,22/05/2024,TP.HCM,Nam,Chưa có kinh nghiệm,"- Lập chứng từ kế toán theo phần hành được giao. - Kiểm tra chứng từ, số liệu. - Soạn thảo văn bản. - Sử dụng phần mềm kế toán Bravo. - Giao tiếp với các Đơn vị trực thuộc SCTV. - Những công việc khác: kiểm kê định kỳ, lập báo cáo,… - Làm việc hành chính từ thứ 2 đến thứ 7","- Tốt nghiệp đại học trở lên chuyên ngành Tài chính – Kế toán - Ưu tiên Nam, sinh viên mới ra trường sẽ được đào tạo - Ham học hỏi, có tinh thần trách nhiệm, chịu đựng áp lực công việc, làm việc nhóm, cá nhân","- Thưởng các ngày lễ, tết, chế độ nghỉ mát và theo năng suất hiệu quả công việc - Phụ cấp đồng phục hàng năm. - Tham gia BHXH, BHYT, BHTN theo quy định của nhà nước và Bảo hiểm tai nạn kết hợp. - Môi trường làm việc thân thiện, năng động -Thu nhập tùy theo năng lực",62 Trần Quang Khải Phường Tân Định Quận 1,https://cdn1.vieclam24h.vn/upload/files_cua_nguoi_dung/logo/2017/08/11/1502416358_logo_SCTV_1.jpg,62 Trần Quang Khải Phường Tân Định Quận 1,Trên 300 người,"Hơn 20 năm xây dựng và phát triển, SCTV tự hào là mạng truyền hình cáp đứng đầu Việt Nam với với thị phần truyền hình trả tiền đứng đầu cả nước, diện phủ sóng rộng khắp toàn quốc đến 53 / 63 Tỉnh Thành tại Việt Nam. SCTV cung cấp đa Dịch vụ Truyền thông - Viễn thông bao gồm: Truyền hình cáp, Truyền hình kỹ thuật số, Internet băng thông rộng Docsic 3.0, VoIP, VoD / OTT."
Nhân Viên Lập Trình Và Vận Hành Máy Phay CNC,Công Ty TNHH Sản Xuất Thương Mại Cơ Khí Dương Nguyễn,13 - 18 triệu,20/04/2024,05/05/2024,TP.HCM,Nam,3 năm,"Lập trình và vận hành máy phay CNC Tỉ mỉ, độ chính xác cao Gia công chi tiết máy Đọc hiểu bản vẽ kỹ thuật cơ khí","Siêng năng, chăm chỉ, cẩn thận, tỉ mỉ Trung cấp trở lên Yêu cầu có kinh nghiệm Công việc ổn định lâu dàii","Lương tháng từ 12 đến 18 triệu (tuỳ theo năng lực ứng viên) Mức lương, thưởng sẽ xứng đáng với năng lực làm việc, sẽ trao đổi trong quá trình phỏng vấn Xem xét tăng lương theo năng lực Thưởng Lễ Tết,...Lương tháng 13 Được đảm bảo các quyền lợi, chế độ theo quy định của pháp luật Lao động và các chính sách phúc lợi của Công ty. Tham gia đầy đủ BHXH, BHTN, BHYT theo qui định Được đào tạo hướng dẫn nhằm nâng cao kiến thức, tay nghề.","235 Đường Liên Khu 4-5, Khu phố 5, Phường Bình Hưng Hòa B, Quận Bình Tân, Thành phố Hồ Chí Minh, Việt Nam",https://cdn1.vieclam24h.vn/images/employer_avatar/2022/11/14/images/166839861821.jpeg,"235 Đường Liên Khu 4-5, Khu phố 5, Phường Bình Hưng Hòa B, Quận Bình Tân, Thành phố Hồ Chí Minh, Việt Nam",10 - 150 người,"Thiết kế, gia cong chi tiết phụ tùng máy các loại."
Chuyên Viên Tư Vấn Khách Hàng Cấp Cao - Thu Nhập Trên 18 Triệu/Tháng,Công Ty TNHH Bảo Hiểm Nhân Thọ Sun Life Việt Nam,12 - 18 triệu,29/03/2024,30/04/2024,TP.HCM,20,Dưới 1 năm,"- Hoạch định tài chính, tư vấn gói sản phẩm phù hợp với khách hàng. - Xây dựng mối quan hệ từ những buổi Event/Workshop của Công ty tổ chức. - Chăm sóc, duy trì kết nối với khách hàng/ khách hàng tiềm năng. *** Làm việc tại: S.PACE, 102C Nguyễn Văn Cừ, Phường Nguyễn Cư Trinh, Quận 1, TP.HCM Ưu tiên ứng viên ở các quận: 1, 3, 4, 5, 6, 7, 8,10, Tân Bình, Tân Phú, Phú Nhuận, Bình Thạnh, Gò Vấp","- Độ tuổi: Bạn cần đủ 22 tuổi để đáp ứng yêu cầu công việc. - Trình độ: Chúng tôi yêu cầu ứng viên đã hoàn thành cao đẳng trở lên để đảm bảo kiến thức cơ bản. về ngành bảo hiểm. - Yêu thích công việc giao tiếp và chăm sóc khách hàng: Bạn cần có niềm đam mê trong việc giao tiếp và đáp ứng các yêu cầu chăm sóc khách hàng một cách tinh tế và chuyên nghiệp. - Tính cách thân thiện, chủ động và có trách nhiệm: Chúng tôi đánh giá cao những ứng viên có tính cách thân thiện và chủ động trong công việc. Khả năng chịu áp lực và có trách nhiệm trong công việc là yếu tố quan trọng.","- Lương kinh doanh: 16 triệu - 30 triệu - Thưởng hoa hồng từ 10%- 30% theo target và vinh danh khen thưởng theo tháng, quý, năm - Được nhận 100% Lương kinh doanh cho tháng đầu tiên học nghiệp vụ và đào tạo - Nhận thẻ sức khoẻ sau 2 tháng thử việc ( Sử dụng được tại tất cả các cơ sở khám chữa bệnh toàn quốc) ***Các bạn trái ngành, chưa có kinh nghiệm trong lĩnh vực CS, SV mới ra trường, SV đang chờ bằng, TTS fulltime, ...đều có thể thử sức ở vị trí này.","S.PACE, 102C Nguyễn Văn Cừ, Phường Nguyễn Cư Trinh, Quận 1, TP.HCM",https://cdn1.vieclam24h.vn/images/employer_avatar/2024/03/29/z5296491376889_74de4fef3a3eff472917525de2fa3971_171170439040.jpg,"S.PACE, 102C Nguyễn Văn Cừ, Phường Nguyễn Cư Trinh, Quận 1, TP.HCM",10 - 150 người,
Nhân Viên Kỹ Thuật Pha Màu Sơn Nước (10 - 25 Triệu),Công Ty TNHH Sơn Pasco Việt Nam,10 - 25 triệu,24/04/2024,25/05/2024,Hà Nội,5,,"1. Pha màu – chỉnh màu sơn nước • Pha màu/ chỉnh màu theo mẫu yêu cầu. • Đảm bảo tiến độ, chất lượng pha màu theo kế hoạch. • Hỗ trợ kỹ thuật, xử lý, kiểm tra sản phẩm của Công ty. 2. QC Sơn nước • Kiểm tra, kiểm soát, đảm bảo chất lượng nguồn nguyên vật liệu nhập kho. • Giám sát quá trình sản xuất và vận hành của công nhân. • Giám sát nguyên liệu đầu vào trước khi đưa vào sản xuất. • Kiểm soát và đảm bảo chất lượng sản phẩm theo tiêu chuẩn Phòng kỹ thuật ban hành. 3. Công việc khác • Kiểm tra hoạt động các thiết bị, công cụ, hiệu chuẩn các thiết bị phân tích trong phòng thí nghiệm và khu vực pha màu thuộc phạm vi quản lý. • Kiểm tra, đánh giá việc thực hiện vệ sinh các thiết bị sản xuất theo đúng quy định. • Báo cáo số liệu phân tích, kết quả kiểm tra nguyên vật liệu, thành phẩm, sự cố phát sinh trong sản xuất. • Các công việc khác theo sự phân công của cấp trên.","• Kinh nghiệm: từ 1 năm kinh nghiệm nhân viên Pha màu, KCS, QC, ưu tiên ứng viên có kinh nghiệm pha và chỉnh màu tại Nhà máy sản xuất sơn. • Hiểu biết về kỹ thuật sơn nước. • Không có vấn đề về mắt: Tật khúc xạ. • Kỹ năng tin học văn phòng tốt, tư duy logic, chịu áp lực tốt. • Kỹ năng thiết lập kế hoạch, phân tích dữ liệu, giao tiếp xử lý tình huống tốt Liên hệ 093 2931983 (Ms Đông)","• Khoảng thu nhập: 10 - 25 triệu (Lương cứng + Lương sản phẩm + Lương tăng ca) • Lương tháng 13, thưởng Lễ, Tết. • Cấp bảo hộ lao động, công cụ dụng cụ làm việc. • Chế độ Bảo hiểm, Công đoàn, nghỉ phép theo quy định của Nhà nước. • Môi trường làm việc hòa đồng.",KM3 đường Phan Trọng Tuệ - Tam Hiệp - Thanh Trì - Hà Nội,https://cdn1.vieclam24h.vn/images/employer_avatar/2024/04/24/pasco_171395302379.jpg,KM3 đường Phan Trọng Tuệ - Tam Hiệp - Thanh Trì - Hà Nội,10 - 150 người,Công ty TNHH Sơn Pasco Việt Nam là top những doanh nghiệp sản xuất sơn có công suất máy lớn hiện nay. Hiện tại chúng tôi đang xây dựng thêm nhà máy thứ 2 nên dư công xuất và đủ năng lực để sản xuất gia công quy mô lớn.
Nhân Viên Media & Chỉnh Sửa Hình Ảnh Sản Phẩm Giày Dép Nữ,Cocochip - Thế Giới Đồ Lót,8 - 15 triệu,24/04/2024,20/05/2024,TP.HCM,Nữ,,"Chỉnh sửa hình ảnh sản phẩm và đăng lên gian hàng Tiktok, Shopee... Lên ý tưởng Quay dựng video giới thiệu SP theo kịch bản có sẵn cho kênh bán hàng. => Trang thiết bị quay đã có sẵn.","Nữ tuổi từ 20-30t, có laptop cá nhân để thiết hình & chỉnh sửa video. Biết sử dụng phần mềm Photoshop chỉnh sửa hình ảnh & Quay dựng video ngắn. Có tư duy kịch bản tốt. Giọng nói chuẩn. Có chuyên môn truyền thông hoặc marketing là lợi thế.","Lương cơ bản khởi điểm từ 8-15 triệu. Môi trường làm việc năng động, thoải mái & chủ động. Hưởng hoa hồng DS bán hàng của Cty. Có phụ cấp hàng tháng. Có cơ chế tăng lương linh hoạt. Có cơ hội phát triển chuyên môn & Cơ hội thăng tiến cao. Chế độ nghỉ lễ, thưởng nóng thường xuyên, Lương tháng 13... => Đặc biệt không Y/c kinh nghiệm, chỉ cần siêng năng và Vững kiến thức kỹ năng về Hình ảnh + Kỹ năng Video thì chỉ chịu học hỏi là ok. => Được đào tạo & Hướng dẫn chuyên môn Cv tận tình cho người mới bắt đầu.","Số 52 Đường D18, Phước Long B, Quận 9, HCM",https://cdn1.vieclam24h.vn/images/employer_avatar/2023/05/23/93c1dace2dfcf3a2aaed_168483151466.jpg,"Số 52 Đường D18, Phước Long B, Quận 9, HCM",Dưới 10 người,
Kỹ Sư Nông Nghiệp - Đi Làm Ngay,Công Ty Cổ Phần Môi Trường Việt Úc,12 - 20 triệu,24/04/2024,17/05/2024,TP.HCM,5,2 năm,"Tham gia các dự án cấp chăm sóc cây xanh, cảnh quan Tham gia các dự án nông trại cây ăn trái Hoàn thiện hồ sơ kỹ thuật đấu thầu, hồ sơ thanh toán theo công trình Quản lý, tư vấn, giám sát công tác kỹ thuật trong lĩnh vực chuyên môn Làm việc chính tại Hồ Chí Minh, đi công tác theo yêu cầu công việc. Công việc cụ thể sẽ được trao đổi thêm lúc phỏng vấn","Bằng cấp: Tốt nghiệp Đại học chuyên ngành Nông Nghiệp, cảnh quan cây xanh Có kinh nghiệm chăm sóc cây xanh, cảnh quan đô thị Kinh nghiệm: Ít nhất từ 2-5 năm kinh nghiệm tại vị trí tương đương Có tinh thần trách nhiệm cao trong công việc. Thành thạo các kĩ năng tin học cơ bản Có kinh nghiệm, kiến thức nền về các thủ tục nhà nước","Mức lương: khởi điểm: 15 - 20 Triệu ( Tùy theo năng lực của ứng viên ) Sau thời gian thử việc được hưởng lương hiệu quả, mức lương thu nhập cao tương xứng với năng lực, thưởng theo từng dự án. Được hưởng đầy đủ các quyền lợi theo luật lao động ( BHXH, lễ tết, tháng lương thứ 13, etc) Có nhiều cơ hội thăng tiến trong công việc Làm việc trong môi trường năng động, chuyên nghiệp, quốc tế. Quyền lợi cụ thể sẽ được trao đổi lúc phỏng vấn","180B An Tôn, P.6, Tân Bình, TPHCM",/img/vieclam24h_logo_customer.jpg,"180B An Tôn, P.6, Tân Bình, TPHCM",150 - 300 người,"Công Ty Cổ Phần Môi Trường Việt Úc Hoạt động chủ yếu lĩnh vực xây dựng đô thi, môi trường, Xử lý và tiêu huỷ rác thải,... Là công ty tổng của nhiều công ty khác hoạt động trong lĩnh vực xây dựng, kiến trúc, trong đó có Công Ty TNHH Xây Dựng TM Phát Triển Nhà Hải Châu. Với nhu cầu mở rộng và tăng trưởng trong năm nay, công ty đang có rất nhiều vị trí tuyển dụng với chế độ hấp dẫn, môi trường làm việc năng động là nơi đáng để thử sức. Hãy xem và ứng tuyển ngay nhé!"
Cán Bộ Phòng Kế Hoạch,Công Ty 36.20 - Chi Nhánh Tổng Công Ty 36 - Ctcp,15 - 20 triệu,24/04/2024,30/05/2024,Hà Nội,1,3 năm,"·        Lập giá dự thầu, xây dựng giá thành phù hợp với yêu cầu quản lý chi phí của Công ty và thực tế; Quản lý Hợp đồng các nhà thầu phụ ·        Thực hiện các công việc khác theo sự phân công của lãnh đạo Công ty.","·        Tốt nghiệp Đại học chuyên ngành kinh tế xây dựng hoặc xây dựng công trình giao thông hoặc thủy lợi; ·        Sử dụng thành thạo Word, Excel, Autocad và các phần mềm dự toán, bóc tách khối lượng. - Kinh nghiệm: ·        Đã đã trải qua thi công các công trình giao thông, thủy lợi. ·        Đã tham gia lập dự toán; Làm hồ sơ thầu các gói thầu về xây lắp. ·        Đã thực hiện công việc liên quan đến quản lý chi phí và xây dựng giá thành. ·        Đã làm công tác quản lý Hợp đồng các nhà thầu phụ. ·        Hiểu biết các Nghị định, thông tư liên quan đến xây lắp.","·        Mức Lương 15 đến 20 Triệu tùy vào năng lực, trả lương hàng tháng. ·        Bao ăn ở miễn phí ·        Được hưởng các chế độ BHXH, BHYT, BHTN, nghỉ các ngày lễ theo quy định của Luật lao động hiện hành, và theo quy định của Công ty. ·        Được thưởng thêm đột xuất khi hoàn thành tốt công việc. - Địa điểm làm việc: Văn phòng: 1075 Giải phóng- Hoàng Mai - Hà Nội","1075 Giải Phóng, Thịnh Liệt, Hoàng Mai, Hà Nội",https://cdn1.vieclam24h.vn/images/employer_avatar/2021/03/31/images/161717501477.jpeg,"1075 Giải Phóng, Thịnh Liệt, Hoàng Mai, Hà Nội",150 - 300 người,"Công ty 36.20 - Chi nhánh Tổng công ty 36 - CTCP Lĩnh vực hoạt động: Xây dựng hạ tầng, giao thông đường bộ, thủy lợi"
Cán Bộ Hồ Sơ Nội Nghiệp,Công Ty 36.20 - Chi Nhánh Tổng Công Ty 36 - Ctcp,15 - 20 triệu,24/04/2024,30/05/2024,"Hà Tĩnh , Quảng Bình , Quảng Trị",2,5 năm,"·        Kiểm tra, kiểm soát bản vẽ thiết kế thi công, hợp đồng A-B; ·        Làm tất cả các hồ sơ liên quan đến thanh quyết toán công trình (Hồ sơ quản lý chất lượng, HSTT). ·        Lập hồ sơ thanh toán cho các nhà cung cấp, thầu phụ, tổ đội. ·        Lập các biểu điều chỉnh khối lượng, điều chỉnh giá thành… - Địa điểm làm việc: ·        Dự án Cao tốc Bắc Nam đoạn Bùng- Vạn Ninh ( Bố Trạch – Quảng Bình ); Hà Tĩnh","·        Tốt nghiệp Đại học chuyên ngành kinh tế xây dựng hoặc xây dựng công trình giao thông hoặc thủy lợi; ·        Sử dụng thành thạo Word, Excel, Autocad và các phần mềm dự toán, bóc tách khối lượng. - Kinh nghiệm: ·        Có thời gian làm công tác nội nghiệp công trình giao thông hoặc thủy lợi tối thiểu 05 năm;","·        Mức Lương 15 đến 20 Triệu tùy vào năng lực, trả lương hàng tháng. ·        Bao ăn ở miễn phí ·        Được hưởng các chế độ BHXH, BHYT, BHTN, nghỉ các ngày lễ theo quy định của Luật lao động hiện hành, và theo quy định của Công ty. ·        Được thưởng thêm đột xuất khi hoàn thành tốt công việc.","1075 Giải Phóng, Thịnh Liệt, Hoàng Mai, Hà Nội",https://cdn1.vieclam24h.vn/images/employer_avatar/2021/03/31/images/161717501477.jpeg,"1075 Giải Phóng, Thịnh Liệt, Hoàng Mai, Hà Nội",150 - 300 người,"Công ty 36.20 - Chi nhánh Tổng công ty 36 - CTCP Lĩnh vực hoạt động: Xây dựng hạ tầng, giao thông đường bộ, thủy lợi"
Chuyên Viên Phát Triển Kinh Doanh / Business Development Specialist,Quantum Sales Technology,20 - 60 triệu,24/04/2024,21/05/2024,"Hà Nội , Hải Phòng , TP.HCM , Bình Định , Đà Nẵng , Đắk Lắk",Nam,1 năm,- Quản lý đa kênh - Hoạt động kinh doanh khu vực - Bán hàng xuất sắc - Lập kế hoạch bán hàng và phân bổ khách hàng tiềm năng - Thiết lập mục tiêu bán hàng và KPI - Hiệu suất và năng suất bán hàng - Multi-channel management - Regional business activities - Excellent sales - Make sales plans and allocate potential customers - Set sales goals and KPIs - Sales performance and productivity,"- Tốt nghiệp trung cấp trở lên, có ít nhất 1 năm kinh nghiệm - Nam, tuổi từ 29 - 45 tuổi - University graduate or higher, with at least 1 year of experience - Male, age 29 - 45 years old","- Thời gian nghỉ có lương: Nhân viên được hưởng thời gian nghỉ có lương, bao gồm nghỉ phép hàng năm, nghỉ ốm và nghỉ lễ để họ có thể nghỉ ngơi, đi du lịch hoặc giải quyết các vấn đề cá nhân khi cần thiết. - Đào tạo và phát triển nhân viên: Công ty cung cấp nhiều cơ hội đào tạo và phát triển khác nhau, bao gồm các khóa đào tạo nội bộ, trợ cấp đào tạo bên ngoài, kế hoạch phát triển nghề nghiệp, v.v., để giúp nhân viên nâng cao kỹ năng và phát triển nghề nghiệp. - Quyền lợi khác theo quy định của tổng công ty - Paid Time Off: Employees are entitled to paid time off, including annual leave, sick leave, and holidays so they can rest, travel, or handle personal matters as needed. - Employee training and development: The company offers a variety of training and development opportunities, including internal training courses, external training grants, career development plans, etc., to help Employees improve their skills and develop their careers. - Other benefits according to regulations of the corporation","51 P. Lê Đại Hành, Lê Đại Hành, Hai Bà Trưng, Hà Nội 100000",/img/vieclam24h_logo_customer.jpg,"51 P. Lê Đại Hành, Lê Đại Hành, Hai Bà Trưng, Hà Nội 100000",10 - 150 người,
Nhân Viên Tư Vấn Tài Chính (Data Có Sẵn Tại Tân Bình),Công Ty Tài Chính Trách Nhiệm Hữu Hạn Một Thành Viên Shinhan Việt Nam,10 - 20 triệu,24/04/2024,20/05/2024,TP.HCM,5,Chưa có kinh nghiệm,"-         Làm việc tại văn phòng toàn thời gian 8h30-17h30 từ T2 đến T6, 8h30 - 12h ngày T7 -         Tìm kiếm phát triển data KH của cá nhân, quản lý KH -         Thực hiện cuộc gọi tư vấn , mời KH đăng kí khoản vay từ 20-300tr -         Thu thập thông tin hồ sơ của KH có nhu cầu vay tín chấp và đăng kí hồ sơ vay cho KH (online) -         Hỗ trợ KH hoàn tất quy trình đến khi KH kí được HĐ","- Độ tuổi: Từ 20 - 31 tuổi - Ưu tiên ứng viên từng làm bên mảng tài chính - Có kinh nghiệm Telesales là lợi thế ( chưa có kinh nghiệm sẽ đc đào tạo ) - Không bị nợ xấu, nợ quá hạn trên 10 ngày - Yêu thích công việc sales, chạy doanh số - Chịu áp lực công việc và có trách nhiệm về kết quả làm việc - Khả năng giao tiếp, Tư duy, xử lý tình huống giao tiếp với KH","- Thu nhập: Từ 8 - 22 triệu - Kí HĐLĐ với Shinhan Finance khi kết thúc thử việc ( 2 tháng) - Chế độ khen thưởng hấp dẫn - Đóng BHXH, BHYT, BHTN đầy đủ theo quy định - Khám sức khoẻ định kỳ hàng năm - Được nhận thưởng theo các dịp Lễ, Tết - Được đào tạo nghiệp vụ tài chính, được tham gia khoá huấn luyện kỹ năng giao tiếp và tạo lập các mối quan hệ - Tham quan nghỉ mát, du lịch teambuilding, YEP, sinh nhật hàng năm - Được sự hỗ trợ tốt nhất từ cấp quản lý và nhiều cơ hội thăng tiến","20 Đ. Cộng Hòa Phường 12, Tân Bình, Thành phố Hồ Chí Minh",https://cdn1.vieclam24h.vn/images/employer_avatar/2024/04/24/164972974257_171394209871.jpeg,"20 Đ. Cộng Hòa Phường 12, Tân Bình, Thành phố Hồ Chí Minh",10 - 150 người,"Công ty Tài chính TNHH Một thành viên Shinhan Việt Nam, thành viên của Shinhan Card (Hàn Quốc), là Công ty Tài chính tiêu dùng 100% vốn nước ngoài. Với sự kết hợp vững chắc giữa nền tảng công nghệ và các sản phẩm tài chính vượt trội của Shinhan Card cùng hơn 17 năm kinh nghiệm phát triển thị trường cho vay tiêu dùng của Công ty, Shinhan Finance cam kết nỗ lực để trở thành Công ty tài chính hỗ trợ Khách hàng tốt nhất Việt Nam."
"Nhân Viên Tư Vấn / Sale Bất Động Sản (Lương Cơ Bản 10Tr - 30 Tr + Hoa Hồng, Được Đào Tạo)",Công Ty Cổ Phần Đầu Tư Và Dịch Vụ Đất Xanh Miền Nam,8 - 30 triệu,24/04/2024,11/05/2024,TP.HCM,20,,"- Tìm kiếm khách hàng mới, mở rộng nguồn khách hàng thông qua các kênh: marketing online (Facebook, zalo, google,...), đăng tin, sale phone,.... - Được đào tạo kỹ năng tìm kiếm khách hàng. - Giới thiêu, tư vấn sản phẩm và dịch vụ Công ty đến với khách hàng: sản phẩm căn hộ TPHCM, Bình Dương. - Tư vấn, đàm phán, thương lượng, chốt sale. - Hỗ trợ khách hàng trong quá trình ký hợp đồng, chăm sóc khách hàng trước và sau bán hàng. - Cập nhật thông tin thị trường bất động sản, nhanh chóng nắm bắt nhu cầu của khách hàng. - Tham gia các buổi huấn luyện sản phẩm, học hỏi và chia sẻ kinh nghiệm trong nhóm bán hàng. - Báo cáo tình hình kinh doanh trực tiếp cho Trưởng phòng KD.","- Có phương tiện đi lại, laptop, smartphone. - Giao tiếp khá, nhanh nhẹn, năng động, ham học hỏi, tác phong lịch sự, chuyên nghiệp. - Kinh nghiệm: Không yêu cầu kinh nghiệm. Ứng viên có kinh nghiệm Bán hàng, Kinh doanh, Kinh doanh Bất động sản, tài chính, ngân hàng, ô tô... là một lợi thế. - Đối với các ứng viên chưa có kinh nghiệm sẽ được đào tạo các kỹ năng, nghiệp vụ bán hàng. - Yêu thích kinh doanh và đam mê Bất động sản.","- Lương cứng lên đến 30/tháng + Hoa hồng bán hàng: 50tr - 200tr/ sản phẩm (Tuỳ giá trị sp) + Thưởng nóng theo từng dự án từ 15tr-25tr/sp + Thưởng cuối năm, du lịch,.. + Xét tăng lương hàng tháng - Được đào tạo và huấn luyện trực tiếp từ A-Z, cầm tay chỉ việc để bán được những căn đầu tiên ( đối với những nhân sự mới chưa có kinh nghiệm BĐS) - Được đào tạo kỹ năng bán hàng Bất Động Sản, kỹ năng chốt sale, tư duy kinh doanh, kỹ năng nắm bắt tâm lý khách hàng hiệu quả nhất. - Được đào tạo bài bản về Marketing Online (Google Adword, SEO, Facebook Marketing),…và các kênh tìm kiếm khách hàng khác. - Được hỗ trợ khách hàng từ phòng Marketing. - Nhiều cơ hội thăng tiến Được làm việc với đội ngũ lãnh đạo giàu kinh nghiệm từ 10 năm trong lĩnh vực BĐS. - Được hưởng chế độ đãi ngộ theo luật định, du lịch, team building hằng năm,...","27 Đinh Bộ Lĩnh, P.24, Bình Thạnh",https://cdn1.vieclam24h.vn/images/employer_avatar/2022/07/25/images/165871533436.jpeg,"27 Đinh Bộ Lĩnh, P.24, Bình Thạnh",150 - 300 người,"Với nhiệm vụ phát triển dự án chủ lực tại tuyến TP.HCM cũng như khu vực phía Nam. Đất Xanh Miền Nam đã không ngừng hoàn thiện, cải tiến nhằm phát triển các dự án Bất Động Sản vì mục tiêu an sinh xã hội, đáp ứng tối đa nhu cầu an cư và đầu tư của khách hàng cũng như góp phần tạo dựng hình ảnh của đơn vị chủ đầu tư dự án đối với thị trường qua chính sách marketing chuyên nghiệp. Đặc biệt Đất Xanh Miền Nam mong muốn mang lại cho khách hàng và nhà đầu tư những giá trị an cư và đầu tư tốt nhất thông qua khẩu hiệu “An cư lâu dài-đầu tư vững chãi” Đất Xanh Miền Nam tự hào là 1 trong những công ty có tốc độ tăng trưởng tốt nhất tại Việt Nam. Với số lượng nhân sự gần 300 nhân sự và mục tiêu cuối năm 2016 đạt 500 nhân sự. Để đạt được yếu tố đó.Chúng tôi đề cao yếu tố con người, sức mạnh tập thể thông qua chính sách đào tạo và trọng dụng nhân tài.Chúng tôi luôn ý thức về giá trị công việc của mỗi thành viên thông qua hệ thống chính sách nhân sự linh hoạt, chế độ đãi ngộ và phúc lợi thỏa đáng, công bằng đảm bảo tính cạnh tranh và cầu tiến. Chúng tôi mong muốn mang đến cho tất cả các bạn một nền văn hóa riêng biệt mang đậm dấu ấn và phong cách của Đất Xanh, ở đó mỗi một thành viên sẽ có một cuộc sống phong phú về tinh thần, hưng thịnh về vật chất trên cơ sở tôn trọng những giá trị con người tạo ra."
Nhân Viên Kế Hoạch Sản Xuất Nội Thất - Tại Đồng Nai (Đi Làm Ngay),Công Ty TNHH Thương Mại Rồng Phương Bắc,10 - 13 triệu,24/04/2024,30/05/2024,Đồng Nai,2,1 năm,"•	Tiếp nhận đơn hàng, lập kế hoạch mua hàng, sản xuất , điều phối giao hàng & kiểm soát chứng từ đầy đủ •	Tiếp nhận yều cầu từ Sale , kiểm tra nguyên vật liệu và xác nhận ngày giao hàng •	Tiếp nhận yều cầu làm mẫu từ Sale và theo dõi tiến độ sản xuất mẫu •	Kiểm tra và theo dõi tồn kho, đặt nguyên vật liệu trong và ngoài nước để cân đối kế hoạch sản xuất •	kiểm tra chất lượng đơn hàng , linh hoạt xử lý khi có sự cố một cách tốt nhất •	Phổ biến kế hoạch sản xuất cho các bộ phận liên quan •	Theo dõi tiến độ sản xuất và nhập kho •	Điều phối giao hàng và dịch vụ giao hàng, kiểm soát chứng từ •	Cập nhật &Báo cáo năng xuất sản lượng mỗi ngày & báo cáo kế hoạch sản xuất cho ngày tiếp theo cho Phòng kinh doanh và các bộ phận liên quan •	Thực hiện báo cáo tình hình sử dụng nguyên vật liệu đầu và cuối mỗi ngày các đơn hàng sản xuất •	Thực hiện các công việc khác từ cấp trên •	Thời gian làm việc: Hành chính ( Nghỉ 1 ngày thứ 7 trong tháng)",•	Khả năng làm việc nhóm tốt •	Trách nhiệm cao trong công việc •	Khả năng giao tiếp tốt,"•	Mức lương: thương lượng •	Có phụ cấp và thưởng theo dự án, kế hoạch kinh doanh •	Cơ hội huấn luyện: làm việc trong môi trường năng động, thân thiện, nhiều tiềm năng •	Cơ hội thăng tiến, thưởng theo năng lực và tình hình kinh doanh •	Lương tháng 13 •	Ngày nghỉ: theo quy định của công ty •	Được hưởng các chế độ theo Luật lao động hiện hành và các phúc lợi khác theo quy định của công ty","196 Ton That Thuyet Street, Ward 3, District 4, HCMC",https://cdn1.vieclam24h.vn/images/old_employer_avatar/images/68ba0f6630792c30c4d885b5862e7336_1519751578_rng_phng_bc.png,"196 Ton That Thuyet Street, Ward 3, District 4, HCMC",150 - 300 người,"	Công ty TNHH TM Rồng Phương Bắc chuyên kinh doanh, phân phối, sản xuất các sản phẩm nội thất văn phòng tại thị trường Việt Nam với các thương hiệu hàng đầu thế giới như Herman Miller, Merryfair, Fursys, Bestuhl, The City, The Metro (www.thecity.com.vn). Chúng tôi đã hoàn thiện hệ thống showroom tại 3 thành phố lớn HCM- HÀ NỘI- ĐÀ NẴNG. 	Qui mô công ty: 200-300. 	Với tầm nhìn là thương hiệu uy tín dẫn đầu trong phân khúc cấp trung-cao cấp, chúng tôi cam kết sẽ mang lại sự trải nghiệm sản phẩm nội thất văn phòng hòa cùng không gian làm việc hiện đại, tiện ích và thư giãn. 	Mục tiêu của Công ty trở thành đơn vị đứng đầu về lĩnh vực phân phối & sản xuất các sản phẩm nội thất văn phòng tại Việt Nam, chúng tôi cần tuyển dụng Trưởng bộ phận có khả năng thích ứng với môi trường làm việc năng động, sáng tạo & áp lực nhằm hướng mang đến sự hài lòng của khách hàng thông qua những trải nghiệm về dịch vụ hoàn hảo và phong cách chuyên biệt về sản phẩm nội thất văn phòng. 	Với quan điểm lấy con người là trung tâm của chiến lược phát triển, giá trị cốt lõi của Rồng Phương Bắc chính là tập trung xây dựng đội ngũ nhân sự có đủ Tâm – Tầm – Tài gắn kết hài hoà với hệ thống quản lý, môi trường văn hóa doanh nghiệp, RPB hướng tới mục tiêu tạo việc làm, tăng thu nhập và xây dựng môi trường làm việc chuyên nghiệp. 	www.thecity.com.vn - www.themetro.com.vn 	Mức lương xứng đáng với năng lực làm việc. 	Ứng viên được tuyển sẽ được làm việc trong môi trường chuyên nghiệp, năng động và thân thiện, là môi trường giúp hoàn thiện kỹ năng và kiến thức. 	Năng lực của ứng viên được phát huy tối đa trong môi trường năng động và sáng tạo. Cơ hội làm việc cho ứng viên dám nghĩ dám làm và bức phá trong suy nghĩ thể hiện năng lực bản thân. Được ghi nhận và đánh giá kịp thời. 	Được hưởng đầy đủ các quyền lợi của người lao động theo luật Lao động Việt Nam.Lương T13, Thưởng lễ, tết theo qui định công ty. Du lịch nghỉ dưỡng hàng năm. 	Cơ hội phát triển nghề nghiệp tốt, ổn định, lâu dài. Đi làm ngay khi trúng tuyển"
Nhân Viên Kinh Doanh - TPHCM,Công Ty TNHH Xây Dựng Và Thương Mại Thép Hoàng Việt,20 - 35 triệu,17/04/2024,08/05/2024,TP.HCM,Nam,2 năm,"* Công ty Hoàng Việt - thi công dự án Sơn công nghiệp/ hóa chất tăng cứng bê tông. - Chăm sóc KH cũ và tìm kiếm KH mới. - Phát triển khách hàng và thị trường theo năng lực và định hướng của Công ty. - Báo cáo phản hồi khách hàng do mình phụ trách để Công ty kịp thời điều chỉnh, xây dựng chiến lược, kế hoạch phù hợp. - Thực hiện các chỉ tiêu của Trưởng bộ phận Kinh doanh đưa ra.","- KINH NGHIỆM TỪ 2 NĂM TRỞ LÊN trong ngành CÔNG NGHIỆP. - Có nhiệt huyết, đam mê với kinh doanh. - Siêng năng, chịu học hỏi, tinh thần cầu tiến cao. - Trình độ ngoại ngữ: có thể giao tiếp cơ bản Anh/ Hoa là một lợi thế. - Tốt nghiệp : Cao Đẳng trở lên - Mong muốn làm việc lâu dài với Công ty","- Tổng thu nhập; Lương cơ bản 12 đến 20 triệu + Hoa hồng theo dự án (3% doanh số) + thưởng vượt chỉ tiêu (nếu có). Tổng thu nhập 20 đến 35 triệu/tháng - Được ký HĐLĐ, BHYT - BHXH - BHTN đầy đủ theo Quy định của Nhà nước. - Tham gia các hoạt động của Công ty. - Có nhiều cơ hội làm việc/tiếp xúc với các vị trí cấp cao Doanh nghiệp/ chủ đầu tư/tổng thầu.",373/54 Lý Thường Kiệt - P.8 - Tân Bình TPHCM,https://cdn1.vieclam24h.vn/tvn/images/old_employer_avatar/images/d169d3216c0e3a359a90371981a8f283_5bc9a3edca4f1_1539941357.png,373/54 Lý Thường Kiệt - P.8 - Tân Bình TPHCM,10 - 150 người,"Công ty sơn Epoxy – Hoàng Việt: Được hình thành từ đội ngũ Kỹ Sư lành nghề nhiều năm kinh nghiệm hoạt động trong lĩnh vực thi công sơn Epoxy. Công ty Hoàng Việt tự hào là nhà cung cấp dịch vụ chuyên nghiệp. Chúng tôi không ngừng cải tiến và áp dụng những kỹ thuật thi công sơn Epoxy hiện đại và hiệu quả nhất, đảm bảo chất lượng công trình luôn luôn được hoàn thiện tốt nhất, thỏa mãn yêu cầu của khách hàng."
Nhân Viên Hành Chính Nhân Sự Biết Tiếng Hoa,Vpdd - Topband Smart Đồng Nai (Việt Nam),10 - 20 triệu,10/04/2024,07/05/2024,Đồng Nai,2,1 năm,"- Thực hiện kế hoạch chiến lược nhân sự, đào tạo, chính sách, quy chế nội bộ, văn hóa doanh nghiệp. - Quản lý công tác tuyển dụng nhân sự. - Thiết lập, hướng dẫn và kiểm soát chương trình đánh giá năng lực nhân viên. - Quản lý thủ tục về Hợp đồng lao động và xử lý các tình huống phát sinh về quan hệ lao động, kỷ luật lao động. - Quản lý công tác lương, thưởng, phúc lợi, bảo hiểm. - Đi nghiên cứu về mức lương, chế độ của các công ty khác để làm báo cáo, đề xuất cho Trưởng bộ phận. - Các công việc phát sinh do trưởng đơn vị giao. - Như trên là công việc chung ,chi tiết sẽ trao đổi trong khi phòng vấn.","- Yêu cầu trình độ cao đẳng đại học trở lên, tiếng Hoa nghe nói ,ưu tiên biết thêm đọc viết. - Có kinh nghiệm về nhân sự tổng hơp hoặc,nhân sự có liên qua đến tuyển dụng, đào tạo, lương, chấm công, bảo hiểm ,ưu tiên về kinh nghiệm tuyển dụng và đào tạo, có kinh nghiệm thưc hiện hợp tác với trường càng tốt . - Biết sử dùng tin học văn phòng, khả năng giao tiếng tốt . - Làm việc độc lập, chịu được áp lực trong công việc, chủ động và cam kết làm việc lâu dài. - Nếu tiếng Hoa tốt thì có thể không có kinh nghiệm","- Mức lương: 10 - 20 triệu tùy theo năng lực - Được hưởng các chế độ BHYT, BHXH, BHTN, các phúc lợi theo Luật Lao động. - Nghỉ lễ, nghỉ phép và thưởng lương tháng 13. - Được làm việc trong môi trường năng động, chuyên nghiệp, hiện đại. - Loại hình làm việc: Toàn thời gian cố định 7:30 – 17:00 từ thứ 2 - 7 (Nghỉ trưa 1,5 tiếng).","Lô D, KCN Lộc An - Bình Sơn, Xã Long An, Huyện Long Thành, Tỉnh Đồng Nai",https://cdn1.vieclam24h.vn/images/employer_avatar/2024/04/10/Logo_171273191672.png,"Lô D, KCN Lộc An - Bình Sơn, Xã Long An, Huyện Long Thành, Tỉnh Đồng Nai",150 - 300 người,"Công ty con toàn sở hữu của Công ty TNHH Tonband (Hồng Kông) được thành lập tại tỉnh Đồng Nai, Việt Nam và là chi nhánh của Công ty TNHH Thâm Quyến Topband (mã cổ phiếu: 002139. SZ). Phạm vi kinh doanh chính: sản xuất và bán các sản phẩm công nghệ cao điện tử như bộ điều khiển thông minh, linh kiện điện tử, thiết bị chiếu sáng, động cơ, nguồn dự phòng UPS và pin lithium. Công ty TNHH Topband tiền thân (Việt Nam) tọa lạc tại Khu công nghiệp Mỹ Phước, tỉnh Bình Dương, Việt Nam. Công ty TNHH Topband(Việt Nam) được thành lập vào ngày 05 tháng 1 năm 2019. Dây chuyền sản xuất SMT và 10 dây chuyền sản xuất DIP"
"Nhân Viên Telesales - Khu Vực Thạnh Mỹ Lợi , Quận 2  Và  Quận 9",Répertoire Culinaire Vn,8 - 12 triệu,24/04/2024,30/05/2024,TP.HCM,2,1 năm,"- Check mail , hotline , gọi điện tư vấn cho khách hàng dựa trên nguồn data của công ty. - Tư vấn, giới thiệu và thuyết phục khách hàng mua sản phẩm, dịch vụ của công ty. - Kể hợp hợp và làm việc chung với sale admin để hỗ trợ khách hàng - Theo dõi tình trạng đơn hàng - Duy trì và phát triển nguồn data có sẵn - Chăm sóc KH cũ và mới trên nguồn có sẵn của công ty - Theo dõi các chương trình ưu đãi, khuyến mãi của doanh nghiệp để giới thiệu cho khách hàng. - Công việc sẽ trao đổi cụ thể khi phỏng vấn THỜI GIAN LÀM VIỆC: Từ 8h-17h , từ thứ 2 -thứ 7( thời gian làm việc có thể linh động và được trao đổi kỹ trong quá trình phỏng vấn ) ĐỊA ĐIỂM LÀM VIỆC: KHU VỰC THẠNH MỸ LỢI , QUẬN 2 VÀ QUẬN 9","- Tốt nghiệp từ cao đẳng trở lên - Có ít nhất từ 1 năm kinh nghiệm sale trở lên , có kinh nghiệm sale về ngành F&B là 1 lợi thế -Có khả năng giao tiếp tiếng anh - Có Khả năng giao tiếp, trình bày và tư vấn bán hàng tốt - Có Khả năng làm việc nhóm tốt - Muốn gắn bó với công việc lâu dài","- Thu nhập được thỏa thuận theo năng lực và được trao đổi kỹ trong quá trình phỏng vấn từ 8- 15tr/tháng hoặc hơn theo năng lực - Chế độ BHXH, BHYT, BHTN theo quy định nhà nước - Bảo hiểm 24/7 của Bảo Việt - Phép 20 ngày/năm hưởng nguyên lương thực lĩnh + các ngày lễ - Thưởng lương tháng 13 - Xét duyệt tăng lương hàng năm - Môi trường làm việc thân thiện, chuyên nghiệp - Có điều kiện nâng cao khả năng ngoại ngữ","Lô G2 Đường K1, KCN Cát lái 2, P. Thạnh Mỹ Lợi, TP Thủ Đức, TP HCM",https://cdn1.vieclam24h.vn/upload/files_cua_nguoi_dung/logo/2020/06/24/2894127_vieclam24h_1592989007.png,"Lô G2 Đường K1, KCN Cát lái 2, P. Thạnh Mỹ Lợi, TP Thủ Đức, TP HCM",10 - 150 người,"Répertoire Culinaire is specialised in the importation and distribution of high quality food products, either chilled, ambient or frozen. We operate in London, The United Arab Emirates, Hong Kong, Viêt Nam and Australia. Repertoire Culinaire is part of a family-controlled group whose origins lie in the production of premium Charcuterie, Foie Gras and other Delicatessen products in France. We began our international expansion 15 years ago, with an aim at following and serving talented chefs in their appointments around the world. We work hard to offer our customers the best quality in terms of products and service. We achieve this by constantly sourcing traditional, but also original products as well as by providing and ever-evolving, customer-orientated service. From AOC cheeses to Foie Gras, Truffles, Charcuterie or Pastry, Repertoire Culinaire offers a vast range of products selected for both retail and catering needs. Up to now, we have more than 1000 products in our catalog. We are committed to supplying food that is safe to our customers. We have HACCP procedures in place. IT is our policy to purchase food from suppliers with equivalent standards. Our client base is made up of restaurants, hotels, caterers, independent delicatessens and food halls. We pride ourselves on working closely in partnership with all customers."
Nhân Viên Kinh Doanh Thu Nhập Trên 10 Triệu,Công Ty Cổ Phần Thương Mại Và Dịch Vụ Mai Đến,8 - 15 triệu,04/04/2024,30/04/2024,Hà Nội,5,Chưa có kinh nghiệm,"Được cung cấp data khách hàng, tiếp nhận yêu cầu báo giá, xử lý đơn hàng và theo dõi hỗ trợ khách hàng (thủ tục giao hàng, xuất hóa đơn, thanh toán…) cho đến khi kết thúc đơn hàng. Tiến hành chào hàng online kết hợp offline, trực tiếp gặp gỡ khách hàng, giới thiệu sản phẩm và dịch vụ của công ty, báo giá, chốt đơn và hoàn thành chỉ tiêu công việc được giao. Công ty thanh toán tất cả các chi phí kinh doanh như: tiếp khách, hàng mẫu…, có xe ô tô riêng sử dụng cho kinh doanh đi các khu vực tỉnh lân cận Hà Nội Tìm kiếm sản phẩm phù hợp, tư vấn cho khách hàng Quản lý và gìn giữ các khách hàng cũ của công ty. Tìm kiếm, phát triển khách hàng mới. Chi tiết thực hiện công việc theo sự chỉ đạo của trưởng phòng và được trao đổi trực tiếp khi phỏng vấn.","Nam/ Nữ tốt nghiệp đại học, cao đẳng các chuyên ngành liên quan về: Quản trị kinh doanh, marketing hoặc chuyên ngành bán hàng tương đương v.v….trở lên. Yêu thích công việc kinh doanh, chăm chỉ, có kinh nghiệm bán hàng là 1 lợi thế. Năng động, sáng tạo, trung thực, chăm chỉ, nhanh nhẹn, kỹ năng giao tiếp tốt, có chí cầu tiến. Có trách nhiệm với công việc Độ tuổi: Từ 23-30 tuổi Ưu tiên các ứng viên khu vực Hà Đông","Thu nhập: 8.000.000 – 15.000.000đ trở lên (Bao gồm: Lương cứng (Thỏa thuận) + Doanh số + Thưởng) Xét duyệt tăng lương 1 lần/ năm vào tháng 1 hàng năm. Cấp phát trang thiết bị cần thiết cho công việc: Máy tính… Chế độ: tham gia BHXH, lương tháng 13, thưởng Tết theo kết quả kinh doanh của công ty. Định hướng: tham gia các buổi đào tạo, seminar hàng tuần và tháng về tất cả các kỹ năng kinh doanh. Có cơ hội thăng tiến cao hơn theo năng lực","Số 9-LK4, 804 Đường Quang Trung, Phường Phú La, Quận Hà Đông, Thành phố Hà Nội, Việt Nam",https://cdn1.vieclam24h.vn/upload/files_cua_nguoi_dung/logo/2019/01/16/1547608226_logo_mai_n.PNG,"Số 9-LK4, 804 Đường Quang Trung, Phường Phú La, Quận Hà Đông, Thành phố Hà Nội, Việt Nam",10 - 150 người,"Công Ty Cổ Phần Thương Mại Và Dịch Vụ Mai Đến Công ty cổ phần thương mại và dịch vụ Mai Đến tiền thân là Công ty Cổ phần Sao Mai thành lập tháng 8-2002. Hơn 10 năm qua công ty chúng tôi là một trong những doanh nghiệp thành viên tích cực của VINASA (hiệp hội phần mềm Việt Nam), hiện đang phát triển rất mạnh về xuất khẩu phần mềm sang các thị trường Nhật Bản, Mỹ, Đan Mạch. Song song với lĩnh vực đó , chúng tôi đã và đang mở rộng lĩnh vực kinh doanh về thương mại và dịch vụ. Mục tiêu kinh doanh: Cung cấp trọn gói tất cả các thiết bị văn phòng như máy tính , máy in , mực in,văn phòng phẩm....Thiết bị nhà xưởng, nội thất văn phòng, nhà máy, công trường... , Thiết kế đồng phục công nhân viên,Thiết bị bảo hộ lao động ... Ngoài ra chúng tôi còn cung cấp các dịch vụ lắp đặt, setup hệ thống mạng, camera giám sát....Đối tượng khách hàng là toàn bộ các doanh nghiệp của Nhật Bản đang hoạt động tại các khu công nghiệp trên địa bàn Miền Bắc ,Việt Nam. Với nền tảng đối tác hầu hết là các Doanh nghiệp Nhật bản , do vậy từ năm 2006 đến nay công ty đã phát triển thêm lĩnh vực cho thuê xe và đã được rất nhiều các doanh nghiệp Nhật Bản ở Việt Nam cũng như các Doanh nghiệp Nhật bản sang công tác tại Việt Nam lấy làm địa chỉ tin cậy . Đối tác về lĩnh vực này tăng lên đều đặn sau các năm Trong năm qua, doanh số và nhân sự của Công ty đã tăng hơn 200%. Đối tác của chúng tôi hầu hết là các doanh nghiệp Nhật Bản , Hàn Quốc đang hoạt động tại Việt Nam cũng như các doanh nghiệp Nhật Bản đang chuẩn bị đầu tư vào thị trường Việt Nam. Mặt khác , Công ty cũng đã mở rộng thêm lĩnh vực đào tạo và chuyên cung cấp nhân sự mọi trình độ cho các công ty Nhật Bản tại Việt Nam, cũng như các đơn vị có nhu cầu tuyển dụng nhân sự . Các công ty tiêu biểu mà chúng tôi đã và đang cung cấp nhân sự: 1.Công ty Nikken International Asia . 2.Công ty Kokusai Keiso Viet nam 3.Tập đoàn IHI - Dư án cầu Nhật Tân 4.Công ty Zenitaka - Khu Công Nghiệp Thăng Long ...và rất nhiều công ty Nhật Bản tại Việt nam. Công ty đã tuyển dụng và đào tạo rất nhiều nhân sự chất lượng cao cho công ty Nikken International Asia của Nhật bản tại Việt Nam. Ngoài ra , với tiềm năng là một công ty chuyên cung cấp dịch vụ cho Nhật bản nên đối tác từ Nhật bản rất nhiều , do vậy ,từ năm 2006 công ty đã phát triển thêm lĩnh vực cho thuê xe ô tô, đối tượng khách hàng chính là các công ty Nhật bản đang hoạt động tại Việt Nam. Với phương châm kinh doanh \""Khách hàng là ông chủ duy nhất\"",do vậy tập thể công ty đang ngày càng cố gắng củng cố và hoàn thiện hơn nữa các dịch vụ của mình vì mục đích tối ưu hóa toàn bộ hệ thống mua bán nhằm tiết kiệm thời gian,chi phí và nhanh chóng thuận lợi trong giao dịch....Luôn mang lại niềm vui cho cho khách hàng cũng là cách mang lại lợi nhuận cho công ty và thu nhập cho nhân viên. Quy mô công ty : 25-99 Địa chỉ: Số 9 - LK 4 - 804 đường Quang Trung - phường Phú La - Hà Đông- Hà Nội."
"Nữ Nhân Viên Kinh Doanh - Nghỉ Thứ 7, CN",Công Ty TNHH Thương Mại Dịch Vụ Saltech Việt Nam,10 - 20 triệu,10/04/2024,30/04/2024,Hà Nội,Nữ,Chưa có kinh nghiệm,"- Tìm kiếm khách hàng qua điện thoại. - Tiếp nhận Data từ Marketing. - Tìm hiểu nhu cầu của khách hàng. - Tư vấn giải pháp phù hợp với nhu cầu của từng khách hàng. - Ký kết hợp đồng. - Chăm sóc KH sau bán hàng và tái ký. - Thống kê, báo cáo và nghiệm thu kết quả cùng trưởng phòng.","- Tốt nghiệp cao đẳng, đại học trở lên - Có Laptop cá nhân - Có kinh nghiệm 1-2 năm sale B2B, hoặc từng làm sale cho các công ty agency - Công ty tuyển dụng đủ ứng viên sẽ off bài","- Lương cứng: 8-10 triệu + trợ cấp + hoa hồng + Thưởng khác (Tổng thu nhập 10 – 20 triệu) Quyền lợi khác: Không đủ doanh số vẫn hưởng lương cứng và trợ cấp. - Tham gia các khoá đào tạo: + Đào trạo quản trị mục tiêu OKRs + Đào tạo Marketing Gốc rễ + Đào tạo nội bộ về Google Marketing + Đào tạo kỹ năng trở thành BEST SELLER + Đào Tạo SEO PPP + Đào tạo content… - Nhận được sự hỗ trợ từ cấp trên, nhân sự khác, phòng ban khác giúp bạn hoàn thành mục tiêu. - Công việc KHÔNG đòi hỏi đi thị trường, làm việc tại văn phòng. - Tham gia thi đua có thưởng hàng tuần, hàng tháng dành riêng cho bộ phận Kinh doanh (Du lịch nước ngoài, đồ công nghệ, tiền mặt, voucher…) . - Lương thâm niên khi làm việc >1 năm. - Nghỉ lễ, tết theo quy định nhà nước - KHÔNG CHẤM CÔNG, CHỦ ĐỘNG HOÀN THÀNH CÔNG VIỆC. - Tham gia hoạt động : sinh nhật, teambuilding, du lịch hàng năm . - Nghỉ phép năm 12 ngày/năm. - Thời gian làm việc:Thứ 2 - thứ 6: 8h- 17h ( nghỉ thứ 7, chủ nhật). Nghỉ trưa từ 11h50- 13h15",14 TT3 khu đô thị mới Đại Kim- Hoàng Mai- Hà Nội,https://cdn1.vieclam24h.vn/images/employer_avatar/2023/04/03/z4234001969009_18e502d3918cb791e11f15441067d712_168050510837.jpg,14 TT3 khu đô thị mới Đại Kim- Hoàng Mai- Hà Nội,10 - 150 người,"Thành lập năm 2018, Saltech là một tập thể có sức mạnh kết nối lớn giữa các bộ phận, làm việc có mục tiêu rõ ràng và môi trường làm việc phát triển. *Sứ mệnh của Saltech : Thúc đẩy sự tăng trưởng của doanh nghiệp Việt Nam bằng những nghiên cứu, cập nhật và cung cấp giải pháp quảng cáo Google chính quy. *Triết lý kinh doanh mà bất cứ ai trong Saltech đều phải ghi nhớ: Điều thúc đẩy Saltech phát triển là niềm tin của khách hàng & đối tác. Chỉ cần người khác tin ở con người của Saltech, Saltech sẽ làm việc như thể đó là vì chính bản thân mình. Niềm tin từ khách hàng giúp Saltech không ngừng thay đổi để tiến lên phía trước, học hỏi mỗi ngày những điều hữu ích để đem lại giá trị cao hơn nữa cho khách hàng. *Dịch vụ của chúng tôi: 1. Google Ads 2. Thiết kế website 3. Thiết kế logo, nhận diện thương hiệu. 4. Tư vấn giải pháp Digital Marketing."
